date,T2M,T2M_MAX,T2M_MIN,RH2M,PRECTOTCORR,WS2M,ALLSKY_SFC_SW_DWN
2016-05-05,21.1,27.25,16.57,75.03,2.47,2.99,20.62
2016-05-06,20.25,26.26,15.8,72.69,1.96,2.53,16.87
2016-05-07,20.28,27.36,14.93,68.94,0.38,1.88,18.04
2016-05-08,19.44,27.87,13.73,62.4,0.02,2.19,12.08
2016-05-09,20.02,28.51,12.93,68.83,2.14,2.29,20.54
2016-05-10,19.19,24.79,15.62,78.68,9.01,2.38,13.43
2016-05-11,19.69,27.15,13.73,70.89,0.43,2.25,16.76
2016-05-12,20.09,27.47,14.28,71.27,0.67,2.4,19.1
2016-05-13,20.33,27.66,14.59,71.08,0.53,2.19,16.39
2016-05-14,20.47,28.9,14.57,67.32,0.16,2.53,19.91
2016-05-15,20.04,28.78,13.3,61.27,0.05,2.18,21.78
2016-05-16,19.95,28.65,11.66,61.9,0.01,1.45,20.33
2016-05-17,20.28,27.13,13.93,69.39,1.21,2.03,21.17
2016-05-18,19.8,25.24,16.34,78.03,4.22,1.7,17.22
2016-05-19,18.76,24.88,14.6,78.41,4.3,1.82,12.19
2016-05-20,18.66,24.32,14.24,77.8,4.84,1.79,11.97
2016-05-21,18.96,26.14,13.83,72.45,0.47,2.07,13.89
2016-05-22,19.39,26.41,14.11,71.62,0.2,2.55,17.33
2016-05-23,19.66,27.27,14.59,71.76,0.19,2.96,16.25
2016-05-24,19.71,27.49,13.74,67.75,0.17,2.22,16.18
2016-05-25,19.6,28.08,12.14,66.16,0.17,1.66,14.94
2016-05-26,19.62,26.54,14.57,72.14,0.38,1.88,20.99
2016-05-27,19.47,26.84,14.55,70.18,0.47,2.09,13.76
2016-05-28,19.58,27.62,13.45,66.8,0.07,2.33,18.66
2016-05-29,19.5,27.45,12.92,63.98,0.01,2.2,19.99
2016-05-30,19.81,27.94,13.25,63.41,0.04,2.43,22.77
2016-05-31,20.14,28.16,13.87,65.08,0.01,2.55,22.1
2016-06-01,20.52,28.73,14.32,63.99,0.01,2.44,23.06
2016-06-02,20.86,28.94,13.91,62.77,0.01,1.9,23.0
2016-06-03,20.73,28.58,14.81,63.61,0.01,2.52,20.66
2016-06-04,20.39,29.27,13.53,62.51,0.01,2.76,17.24
2016-06-05,20.36,28.02,14.23,65.13,0.02,2.85,18.38
2016-06-06,20.62,27.76,14.93,64.84,0.09,3.15,18.41
2016-06-07,20.46,27.5,15.31,61.69,0.06,2.84,19.56
2016-06-08,20.21,28.15,13.89,59.33,0.07,2.46,21.58
2016-06-09,19.56,27.83,13.03,59.25,0.02,2.37,15.75
2016-06-10,18.87,26.49,12.91,60.41,0.07,2.85,16.65
2016-06-11,18.85,25.6,13.4,67.55,0.21,2.15,15.4
2016-06-12,20.6,29.19,13.64,62.62,0.07,2.1,19.32
2016-06-13,20.9,28.94,14.3,59.13,0.09,1.59,16.66
2016-06-14,21.08,28.66,13.62,53.86,0.05,1.86,21.02
2016-06-15,20.66,28.92,13.12,54.52,0.02,2.01,18.97
2016-06-16,19.76,25.71,14.85,65.57,0.96,1.44,16.13
2016-06-17,18.41,23.74,15.12,75.19,3.61,1.48,17.13
2016-06-18,17.8,23.91,14.07,74.76,3.47,2.02,8.17
2016-06-19,18.67,24.58,14.43,72.63,1.1,2.76,16.14
2016-06-20,19.07,25.63,14.85,74.31,2.06,2.6,11.15
2016-06-21,17.08,21.21,14.38,80.34,6.91,2.07,7.23
2016-06-22,16.87,22.24,13.33,78.05,1.41,1.91,8.01
2016-06-23,17.27,23.93,11.74,74.24,0.73,1.73,8.62
2016-06-24,17.31,24.16,12.69,69.87,0.43,2.21,12.28
2016-06-25,17.23,24.34,11.42,67.75,0.07,2.16,11.01
2016-06-26,17.88,25.36,12.2,70.63,0.11,2.97,13.83
2016-06-27,18.43,26.08,12.14,68.26,0.13,1.94,16.33
2016-06-28,18.41,25.99,11.98,66.24,0.08,2.03,21.78
2016-06-29,17.82,24.65,12.53,69.11,0.29,1.85,16.7
2016-06-30,17.49,23.4,11.82,66.77,0.05,1.63,20.36
2016-07-01,18.24,25.38,11.37,61.59,0.01,1.72,22.1
2016-07-02,19.96,28.67,11.9,63.27,0.01,1.85,21.21
2016-07-03,20.3,27.36,14.16,64.11,0.11,1.73,14.5
2016-07-04,18.98,25.22,13.96,60.5,0.17,2.35,19.94
2016-07-05,18.8,26.14,11.5,51.33,0.0,2.02,20.64
2016-07-06,18.84,26.05,10.93,53.41,0.01,2.15,20.17
2016-07-07,19.63,26.43,12.02,58.68,0.04,2.07,20.4
2016-07-08,19.01,25.41,13.86,65.16,0.19,2.48,15.74
2016-07-09,18.22,24.95,12.88,62.45,0.07,2.08,15.5
2016-07-10,17.94,24.64,12.57,59.7,0.03,2.22,19.33
2016-07-11,17.35,22.86,12.44,59.04,0.05,2.51,15.28
2016-07-12,16.27,21.99,11.66,61.12,0.27,1.65,8.55
2016-07-13,17.7,27.19,10.11,53.9,0.2,2.14,11.49
2016-07-14,17.77,24.69,11.13,64.55,0.12,2.11,13.32
2016-07-15,18.31,25.35,11.73,60.15,0.05,2.23,19.7
2016-07-16,18.9,26.53,13.02,63.59,0.11,2.44,12.65
2016-07-17,18.58,26.03,12.62,64.91,0.28,2.01,17.28
2016-07-18,18.38,25.17,12.29,65.44,0.14,2.12,14.94
2016-07-19,19.72,27.78,12.88,57.66,0.02,2.67,21.5
2016-07-20,18.97,25.9,12.3,60.87,0.14,2.53,19.7
2016-07-21,19.3,27.17,12.71,62.44,0.2,2.12,17.4
2016-07-22,18.14,24.19,13.69,64.63,0.67,2.16,18.74
2016-07-23,19.33,26.72,12.57,59.47,0.08,2.23,19.96
2016-07-24,19.73,27.58,12.54,56.4,0.24,2.81,21.66
2016-07-25,19.54,28.2,13.49,60.42,0.12,3.29,20.15
2016-07-26,19.93,28.64,13.13,60.24,0.05,2.81,18.34
2016-07-27,20.5,28.04,13.29,56.32,0.03,2.54,22.56
2016-07-28,19.74,26.58,12.98,51.82,0.01,2.65,19.24
2016-07-29,20.07,27.95,13.67,57.82,0.08,2.45,20.86
2016-07-30,20.21,27.57,13.92,58.27,0.36,2.63,19.64
2016-07-31,21.23,29.04,13.21,51.29,0.02,2.72,22.1
2016-08-01,20.07,28.64,12.39,56.02,0.02,2.49,24.18
2016-08-02,19.84,29.25,12.01,53.82,0.01,2.52,24.7
2016-08-03,20.32,28.34,11.83,55.28,0.07,2.36,21.34
2016-08-04,19.6,27.47,13.57,62.13,0.32,2.41,16.2
2016-08-05,18.91,26.05,13.46,66.74,1.0,2.45,14.38
2016-08-06,18.35,25.48,13.16,69.01,1.01,2.35,9.73
2016-08-07,17.79,23.13,13.43,61.98,0.61,2.32,14.21
2016-08-08,18.12,24.74,12.96,67.88,0.7,3.61,10.5
2016-08-09,17.99,25.36,11.82,65.0,0.1,3.72,14.27
2016-08-10,17.9,24.97,12.07,60.08,0.19,2.87,17.04
2016-08-11,18.37,25.42,11.77,63.9,0.21,2.15,19.46
2016-08-12,18.58,25.42,13.61,66.56,1.24,2.51,15.66
2016-08-13,18.87,26.52,13.08,65.58,0.6,2.83,16.01
2016-08-14,18.4,25.51,13.06,67.1,0.24,3.13,19.31
2016-08-15,19.36,27.55,13.12,66.34,0.07,3.25,15.85
2016-08-16,19.36,28.15,13.15,59.21,0.07,3.75,20.11
2016-08-17,19.6,28.44,12.27,56.08,0.03,3.2,22.88
2016-08-18,19.86,28.72,13.02,56.42,0.06,3.08,23.72
2016-08-19,20.25,28.27,13.5,57.99,0.09,2.71,20.56
2016-08-20,20.19,28.47,13.67,59.84,0.13,2.65,22.08
2016-08-21,20.7,29.02,13.38,56.97,0.24,2.07,22.94
2016-08-22,19.82,26.81,13.53,58.55,1.24,2.26,22.94
2016-08-23,20.23,27.49,14.21,58.32,0.27,2.78,22.22
2016-08-24,19.51,28.8,12.85,52.8,0.01,3.28,22.83
2016-08-25,19.21,28.97,11.15,55.06,0.0,2.96,25.93
2016-08-26,19.09,27.36,13.19,59.63,0.03,3.14,19.9
2016-08-27,19.23,28.48,12.79,58.39,0.03,3.38,22.28
2016-08-28,18.55,27.35,12.18,58.2,0.01,3.48,22.2
2016-08-29,18.44,26.24,12.81,62.84,0.1,3.49,15.85
2016-08-30,18.55,27.81,12.13,60.61,0.27,3.93,16.03
2016-08-31,18.78,26.87,12.22,61.88,0.14,3.46,18.36
2016-09-01,18.08,25.89,12.18,63.21,0.22,3.48,14.09
2016-09-02,18.28,26.8,12.16,61.37,0.09,3.37,16.94
2016-09-03,18.53,27.45,11.83,65.22,0.39,2.99,15.31
2016-09-04,18.39,25.65,12.72,63.41,0.38,3.09,19.86
2016-09-05,19.26,27.1,13.11,67.64,0.31,3.44,17.84
2016-09-06,19.88,28.73,13.07,62.53,0.15,3.29,21.51
2016-09-07,19.96,29.44,13.03,58.62,0.2,3.43,21.02
2016-09-08,20.59,30.65,12.9,51.09,0.05,2.82,26.78
2016-09-09,20.4,30.03,12.95,51.74,0.04,3.58,27.37
2016-09-10,19.46,28.48,11.57,60.07,0.14,4.29,26.33
2016-09-11,20.33,29.65,12.97,50.61,0.15,3.75,23.2
2016-09-12,20.6,29.24,12.79,53.38,0.04,2.87,25.19
2016-09-13,20.53,29.11,13.06,55.64,0.01,3.07,24.63
2016-09-14,20.04,27.62,14.52,63.7,1.01,3.32,22.51
2016-09-15,20.48,28.01,14.8,53.31,0.68,3.25,21.26
2016-09-16,19.98,27.06,13.48,57.64,0.12,2.6,22.31
2016-09-17,21.42,31.18,13.74,53.69,0.05,3.07,24.83
2016-09-18,20.89,29.73,13.54,54.74,0.07,3.26,24.02
2016-09-19,20.1,29.34,13.1,53.52,0.04,3.2,23.28
2016-09-20,19.87,29.27,12.21,52.83,0.05,3.22,24.31
2016-09-21,20.14,28.72,13.06,57.72,0.84,3.15,23.92
2016-09-22,20.04,28.5,13.11,59.91,0.36,3.3,25.37
2016-09-23,21.68,30.55,14.62,57.2,0.09,2.98,26.46
2016-09-24,21.25,29.01,14.7,59.86,0.28,2.44,21.47
2016-09-25,20.95,28.39,14.82,61.71,0.85,2.78,17.92
2016-09-26,19.55,24.59,15.18,63.74,2.25,2.49,17.84
2016-09-27,19.99,28.4,13.66,58.24,0.08,3.74,24.17
2016-09-28,20.08,27.75,13.85,66.3,0.2,3.48,22.74
2016-09-29,20.98,29.01,15.27,64.83,0.71,4.14,21.2
2016-09-30,21.22,29.93,14.51,58.71,0.16,3.32,22.88
2016-10-01,20.12,25.93,14.42,60.65,0.31,2.31,23.63
2016-10-02,20.14,26.42,14.76,63.53,2.3,3.21,22.63
2016-10-03,21.58,28.99,15.38,60.45,1.41,2.7,21.56
2016-10-04,20.54,27.39,15.61,65.15,2.02,3.08,17.24
2016-10-05,19.99,27.98,13.13,59.02,0.97,3.48,18.62
2016-10-06,20.71,30.06,13.57,59.22,0.33,3.64,24.45
2016-10-07,21.53,29.64,14.27,56.57,0.18,3.79,26.36
2016-10-08,21.6,30.14,14.27,56.24,0.09,4.14,26.14
2016-10-09,21.62,30.85,14.66,60.11,0.16,4.62,26.16
2016-10-10,21.46,30.63,14.6,58.79,0.09,4.15,26.97
2016-10-11,21.15,30.46,14.33,53.79,0.05,3.82,22.86
2016-10-12,20.81,31.3,13.22,51.41,0.04,3.67,27.66
2016-10-13,21.01,31.35,13.33,47.24,0.05,3.31,28.38
2016-10-14,21.06,31.38,12.66,49.96,0.02,3.4,26.88
2016-10-15,21.27,30.98,13.81,47.49,0.03,3.54,26.19
2016-10-16,21.69,31.96,13.08,48.22,0.0,3.46,26.19
2016-10-17,21.82,31.0,13.87,50.68,0.01,3.74,24.99
2016-10-18,21.75,31.3,14.24,51.1,0.04,4.08,25.92
2016-10-19,21.48,30.96,14.34,54.29,0.11,4.13,27.56
2016-10-20,21.21,30.63,13.89,52.01,0.09,3.43,21.48
2016-10-21,21.67,30.67,14.15,53.58,0.07,3.26,24.12
2016-10-22,21.73,30.05,14.44,53.95,0.29,2.89,24.14
2016-10-23,22.43,30.74,15.19,51.56,0.08,2.88,24.12
2016-10-24,22.45,31.28,14.83,45.77,0.01,3.42,23.99
2016-10-25,21.97,30.67,15.18,57.34,0.11,3.69,24.29
2016-10-26,21.47,29.13,16.2,61.34,0.35,4.04,22.14
2016-10-27,21.43,29.42,15.82,60.2,0.13,4.07,23.5
2016-10-28,20.43,27.27,15.43,68.14,3.86,4.33,19.69
2016-10-29,21.52,29.8,14.21,55.88,0.91,4.05,25.54
2016-10-30,22.66,31.78,15.34,52.58,0.26,3.54,23.63
2016-10-31,22.51,30.76,15.65,54.03,0.19,3.7,26.23
2016-11-01,22.3,30.75,15.67,57.3,0.4,3.8,23.79
2016-11-02,21.25,28.38,16.19,67.3,2.83,3.87,16.12
2016-11-03,19.98,27.1,16.34,76.83,15.64,3.73,18.37
2016-11-04,20.3,26.31,16.32,72.89,1.87,3.31,23.06
2016-11-05,20.81,28.03,15.4,66.48,0.82,3.74,17.97
2016-11-06,20.57,28.18,14.99,63.83,0.37,4.03,23.58
2016-11-07,20.44,28.12,14.25,63.48,0.36,3.61,25.01
2016-11-08,20.55,28.66,14.58,58.58,0.4,3.71,17.62
2016-11-09,20.7,27.83,15.08,61.7,1.1,3.14,22.8
2016-11-10,19.96,26.69,15.41,70.47,2.47,3.68,19.65
2016-11-11,19.49,24.53,15.8,72.51,3.39,3.6,20.69
2016-11-12,20.15,27.12,15.06,66.97,2.44,3.9,21.91
2016-11-13,20.59,27.77,15.66,69.7,1.25,4.37,22.25
2016-11-14,19.87,25.9,16.11,73.86,4.58,4.35,20.1
2016-11-15,19.6,26.04,15.78,76.87,5.93,4.77,18.0
2016-11-16,19.53,25.89,15.15,75.6,6.15,4.24,15.84
2016-11-17,18.8,23.42,15.87,77.04,5.64,3.35,15.14
2016-11-18,19.86,25.93,15.36,77.11,5.45,4.0,16.89
2016-11-19,18.94,24.04,16.46,82.08,9.5,3.85,15.48
2016-11-20,19.81,26.01,15.9,78.04,4.6,3.88,18.28
2016-11-21,20.19,26.6,16.21,76.3,4.03,3.98,15.19
2016-11-22,20.1,27.8,14.54,68.7,0.93,3.16,17.85
2016-11-23,19.69,26.68,13.44,71.09,0.9,2.26,20.88
2016-11-24,19.46,24.81,15.14,78.47,3.33,1.78,14.82
2016-11-25,19.54,25.66,15.51,74.3,3.6,1.93,22.77
2016-11-26,19.36,25.51,15.05,76.35,2.34,1.58,18.61
2016-11-27,20.21,27.25,15.37,74.29,0.66,3.04,20.41
2016-11-28,20.61,27.4,15.8,76.14,2.24,3.63,23.93
2016-11-29,20.51,27.05,15.91,76.87,1.4,3.95,20.41
2016-11-30,20.04,26.31,15.8,76.27,1.0,4.57,22.57
2016-12-01,20.29,27.55,14.93,72.46,0.08,3.99,23.18
2016-12-02,20.3,26.84,15.71,73.79,0.3,3.69,22.92
2016-12-03,19.58,25.35,16.21,77.58,0.48,4.26,20.71
2016-12-04,19.67,25.49,16.08,77.37,4.1,4.53,20.89
2016-12-05,19.63,26.38,15.07,73.78,1.39,4.47,23.77
2016-12-06,19.39,27.21,13.62,67.94,0.02,4.19,26.18
2016-12-07,19.86,27.02,14.35,71.61,0.17,3.85,22.03
2016-12-08,20.16,26.97,15.25,70.48,0.42,3.88,23.39
2016-12-09,20.49,27.85,14.75,68.56,0.2,3.34,24.6
2016-12-10,20.57,27.58,15.23,69.12,0.32,3.38,20.26
2016-12-11,20.16,26.82,15.22,73.02,1.03,3.66,22.58
2016-12-12,20.14,26.87,15.83,75.11,1.83,4.1,17.69
2016-12-13,19.84,26.39,15.13,73.48,1.01,4.22,24.21
2016-12-14,19.75,27.32,14.42,70.41,0.47,3.59,24.94
2016-12-15,20.73,28.63,14.86,66.71,0.07,3.2,24.46
2016-12-16,21.08,28.76,14.72,64.94,0.17,2.6,22.74
2016-12-17,20.67,28.53,15.22,62.74,0.04,3.91,24.44
2016-12-18,20.13,28.38,13.62,61.47,0.03,4.37,26.75
2016-12-19,19.79,28.22,13.06,56.18,0.0,4.13,27.07
2016-12-20,20.1,28.79,12.06,57.95,0.0,4.13,26.55
2016-12-21,20.61,28.31,14.85,70.05,0.46,4.4,24.25
2016-12-22,20.5,27.37,15.93,71.23,0.93,4.58,20.8
2016-12-23,20.61,27.94,15.27,64.65,0.23,4.44,23.9
2016-12-24,20.25,27.61,14.49,67.54,0.17,4.29,22.65
2016-12-25,20.92,28.28,15.16,69.31,0.25,3.72,24.19
2016-12-26,20.29,27.2,16.44,71.08,5.37,4.12,21.39
2016-12-27,20.47,27.27,15.82,71.24,0.79,4.31,24.67
2016-12-28,20.83,28.13,14.15,65.39,0.29,4.19,25.36
2016-12-29,20.82,27.95,14.83,66.84,0.2,3.81,20.98
2016-12-30,20.66,27.1,15.65,68.26,0.28,3.65,18.06
2016-12-31,20.56,27.21,15.92,67.8,0.23,4.01,19.95
2017-01-01,20.74,28.24,14.71,63.47,0.11,4.07,20.75
2017-01-02,21.3,29.15,15.66,58.06,0.05,4.06,23.79
2017-01-03,21.2,29.58,13.96,54.78,0.01,4.19,27.13
2017-01-04,20.82,29.35,12.77,50.24,0.0,4.11,27.44
2017-01-05,20.7,29.11,13.27,59.73,0.01,4.08,26.43
2017-01-06,21.1,29.83,13.01,57.1,0.0,3.67,27.08
2017-01-07,21.38,30.34,13.14,53.16,0.0,3.47,26.97
2017-01-08,22.71,31.47,14.46,40.6,0.0,2.99,23.82
2017-01-09,22.57,30.86,16.79,36.77,0.0,3.39,23.98
2017-01-10,20.89,29.06,14.39,44.23,0.0,4.22,26.43
2017-01-11,20.04,27.53,13.91,42.88,0.0,5.09,26.94
2017-01-12,20.27,28.99,12.45,43.35,0.0,4.4,27.98
2017-01-13,21.19,29.91,13.35,43.67,0.0,3.98,27.58
2017-01-14,22.01,30.9,13.55,44.56,0.01,3.51,24.31
2017-01-15,22.12,30.06,15.65,47.34,0.42,4.09,23.01
2017-01-16,21.03,29.57,13.99,44.95,0.04,4.28,27.41
2017-01-17,20.34,28.86,12.71,52.42,0.11,4.3,27.46
2017-01-18,20.97,29.71,13.28,55.62,0.01,4.3,27.3
2017-01-19,22.01,30.99,13.39,51.36,0.01,3.7,26.69
2017-01-20,22.13,30.62,14.65,48.56,0.01,4.03,24.97
2017-01-21,21.82,29.72,14.85,47.85,0.03,4.26,25.86
2017-01-22,20.66,28.31,14.38,57.69,0.51,4.41,26.63
2017-01-23,21.05,29.79,14.03,56.21,0.05,3.95,27.43
2017-01-24,21.57,30.76,12.78,48.47,0.03,3.71,28.15
2017-01-25,22.5,30.25,15.33,52.19,1.08,4.18,26.32
2017-01-26,22.33,30.99,14.73,53.94,0.18,3.97,26.22
2017-01-27,22.4,30.51,14.93,52.36,0.24,3.5,25.15
2017-01-28,22.44,30.75,15.05,52.35,0.28,3.0,23.21
2017-01-29,22.52,30.75,15.35,55.54,0.64,2.32,20.31
2017-01-30,23.13,32.17,15.29,54.48,0.12,3.05,23.61
2017-01-31,22.16,29.34,16.96,63.76,1.68,3.46,18.59
2017-02-01,22.31,30.65,15.75,60.42,1.04,2.96,25.41
2017-02-02,22.35,31.14,15.15,58.0,0.36,3.83,25.43
2017-02-03,22.65,31.3,15.21,52.09,0.06,4.22,27.39
2017-02-04,22.02,30.09,14.94,52.41,0.05,4.57,25.24
2017-02-05,21.65,29.94,14.32,59.18,0.07,4.62,25.93
2017-02-06,22.14,30.02,16.08,61.51,0.38,4.1,26.13
2017-02-07,22.38,30.92,15.54,58.33,0.05,3.72,27.16
2017-02-08,22.8,31.01,16.44,53.27,0.03,4.38,26.91
2017-02-09,22.53,31.11,14.9,52.07,0.01,4.7,27.91
2017-02-10,22.14,30.98,13.97,51.36,0.0,4.45,28.18
2017-02-11,22.49,31.16,16.01,51.69,0.0,4.48,27.21
2017-02-12,22.33,31.55,13.82,46.57,0.0,4.37,27.16
2017-02-13,22.64,32.35,14.11,49.82,0.0,3.66,27.6
2017-02-14,22.41,31.32,15.49,54.53,0.0,4.13,24.45
2017-02-15,22.52,31.0,16.2,53.6,0.23,4.64,25.75
2017-02-16,21.83,29.73,15.47,56.51,1.83,4.4,22.98
2017-02-17,21.37,29.06,15.17,67.01,3.78,3.72,23.05
2017-02-18,22.15,30.67,15.59,63.4,1.03,4.13,22.6
2017-02-19,20.59,27.38,16.05,70.6,3.29,4.27,20.6
2017-02-20,20.48,27.74,13.86,65.47,0.31,4.4,25.13
2017-02-21,21.38,29.48,14.03,55.06,0.0,4.09,24.89
2017-02-22,21.35,28.27,15.18,54.15,0.22,3.15,20.43
2017-02-23,21.19,27.92,16.12,59.6,1.21,2.64,20.43
2017-02-24,21.99,29.94,15.5,60.53,0.81,3.71,22.97
2017-02-25,21.92,29.78,16.27,61.6,0.28,4.24,22.54
2017-02-26,22.06,30.49,14.92,57.34,0.15,3.77,26.39
2017-02-27,22.24,29.6,15.4,55.39,0.06,3.77,23.82
2017-02-28,21.63,29.03,15.41,58.19,0.23,3.8,24.13
2017-03-01,21.46,29.07,14.39,59.13,0.67,4.37,26.36
2017-03-02,22.94,32.43,13.77,49.23,0.01,3.18,26.97
2017-03-03,22.75,30.57,15.36,53.0,1.38,2.75,24.0
2017-03-04,23.44,31.32,15.76,50.67,0.52,2.9,21.21
2017-03-05,23.97,32.66,16.11,42.58,0.01,3.1,27.42
2017-03-06,23.89,32.81,16.15,41.51,0.0,2.96,26.75
2017-03-07,24.13,33.51,16.11,40.27,0.0,3.11,26.67
2017-03-08,23.68,31.48,16.95,43.21,0.0,4.22,27.99
2017-03-09,23.2,31.44,15.99,45.22,0.01,3.72,24.85
2017-03-10,23.11,31.06,16.84,49.09,0.01,3.73,26.16
2017-03-11,22.76,31.51,14.68,51.98,0.01,4.15,28.37
2017-03-12,22.27,30.29,16.08,58.3,0.69,4.23,25.37
2017-03-13,23.53,32.98,14.61,44.34,0.0,3.85,28.32
2017-03-14,23.71,32.5,15.24,46.81,0.03,3.71,26.42
2017-03-15,23.47,32.18,16.87,57.74,0.54,4.04,24.35
2017-03-16,23.68,32.04,17.03,52.35,0.26,4.26,24.34
2017-03-17,23.59,30.47,17.49,51.52,0.21,1.87,24.91
2017-03-18,22.19,27.12,17.85,56.79,0.33,2.97,24.86
2017-03-19,23.1,31.87,17.22,58.24,0.52,4.34,25.61
2017-03-20,23.1,30.82,16.54,58.99,1.23,3.46,25.96
2017-03-21,23.08,31.68,16.64,60.29,0.12,3.77,23.86
2017-03-22,22.63,30.25,17.15,63.43,1.03,4.09,23.88
2017-03-23,23.4,32.2,16.74,57.82,0.5,3.73,24.86
2017-03-24,23.43,31.95,16.5,53.74,0.13,3.72,26.97
2017-03-25,23.83,32.47,16.84,51.69,0.06,3.59,24.96
2017-03-26,23.98,32.34,17.05,54.38,0.56,2.98,22.85
2017-03-27,22.91,31.3,17.52,62.89,1.51,3.16,21.78
2017-03-28,22.66,30.15,17.38,62.58,0.43,4.19,25.68
2017-03-29,22.59,30.02,17.25,63.17,0.66,4.35,22.21
2017-03-30,22.14,29.58,16.71,65.53,1.61,4.62,23.66
2017-03-31,22.63,30.29,16.98,59.74,0.5,4.26,26.24
2017-04-01,22.36,30.71,15.73,54.56,0.72,4.05,25.67
2017-04-02,22.77,31.42,15.66,53.49,0.66,3.98,28.06
2017-04-03,22.34,31.21,16.39,55.85,0.52,3.75,24.24
2017-04-04,22.27,31.68,15.9,59.74,0.99,3.82,25.16
2017-04-05,21.37,31.18,13.88,58.62,3.04,3.51,23.85
2017-04-06,21.24,29.15,14.48,67.82,1.23,3.88,21.7
2017-04-07,20.32,28.08,15.71,70.36,6.05,3.81,18.63
2017-04-08,20.44,27.25,15.33,72.01,1.07,3.78,18.19
2017-04-09,21.14,28.09,16.18,69.94,0.47,4.13,23.89
2017-04-10,20.59,27.59,16.05,73.87,1.24,3.85,21.52
2017-04-11,21.02,27.67,16.22,67.13,0.06,3.91,25.83
2017-04-12,21.76,29.38,16.3,63.74,0.0,4.3,24.84
2017-04-13,22.08,30.01,16.2,59.05,0.0,4.25,26.09
2017-04-14,21.64,29.46,14.28,58.03,0.0,3.34,24.62
2017-04-15,22.57,31.78,14.18,59.1,0.01,2.7,25.34
2017-04-16,21.96,29.6,16.67,65.54,0.64,3.21,21.24
2017-04-17,22.8,31.97,15.53,62.28,0.67,3.47,20.45
2017-04-18,20.66,26.27,17.29,73.73,2.96,3.38,17.97
2017-04-19,21.34,29.28,15.92,67.81,1.94,3.22,18.78
2017-04-20,20.43,26.56,16.59,73.08,2.32,3.88,19.61
2017-04-21,21.35,28.8,16.39,66.36,0.42,3.61,23.34
2017-04-22,21.3,29.71,15.54,62.59,0.59,3.86,20.78
2017-04-23,21.61,30.01,15.35,63.42,0.5,3.56,21.65
2017-04-24,22.25,30.8,16.34,66.77,0.21,3.54,21.39
2017-04-25,20.9,28.25,15.88,69.13,4.15,4.09,21.32
2017-04-26,21.33,29.36,15.81,67.23,0.6,3.73,21.87
2017-04-27,21.38,29.57,15.53,71.11,3.5,3.67,21.5
2017-04-28,21.55,29.37,15.31,65.56,0.33,2.87,23.22
2017-04-29,20.47,27.91,15.57,72.25,3.76,2.9,19.5
2017-04-30,20.11,27.42,15.26,71.89,2.65,2.5,17.74
2017-05-01,19.16,25.86,14.98,74.26,5.49,2.53,16.6
2017-05-02,19.8,27.28,14.58,73.36,2.82,2.62,18.65
2017-05-03,18.75,25.47,14.32,79.99,35.59,2.68,19.99
2017-05-04,18.81,25.11,13.29,76.62,1.67,3.03,17.98
2017-05-05,19.22,25.8,14.22,78.66,5.47,2.89,16.06
2017-05-06,19.48,25.64,15.63,79.33,2.46,3.33,15.8
2017-05-07,19.78,26.45,15.27,76.83,0.89,3.15,18.53
2017-05-08,19.41,26.33,14.86,76.19,4.3,3.16,17.39
2017-05-09,18.53,24.9,14.48,78.43,8.06,3.53,17.46
2017-05-10,18.79,25.57,12.52,78.26,2.37,2.68,17.66
2017-05-11,19.6,25.58,15.0,79.78,11.56,2.9,18.57
2017-05-12,19.46,25.53,15.71,79.16,0.55,2.63,17.41
2017-05-13,19.04,25.79,14.7,70.59,0.12,2.89,18.89
2017-05-14,19.42,26.59,14.11,75.01,0.2,2.45,21.73
2017-05-15,19.44,26.21,13.88,74.89,0.09,2.63,18.24
2017-05-16,20.18,27.64,14.4,71.36,0.15,2.53,22.33
2017-05-17,19.63,27.06,14.25,74.38,0.39,2.79,18.74
2017-05-18,19.84,26.66,14.93,75.3,0.22,2.71,15.75
2017-05-19,19.36,26.53,14.23,65.71,0.09,2.94,16.69
2017-05-20,19.74,27.33,13.74,71.3,0.42,2.77,22.55
2017-05-21,19.36,26.56,13.92,72.96,0.21,3.03,17.75
2017-05-22,19.53,26.84,14.79,70.31,0.31,3.08,21.21
2017-05-23,19.08,26.69,13.69,70.51,0.13,3.03,17.63
2017-05-24,19.61,27.92,13.32,69.71,0.16,2.93,24.03
2017-05-25,20.24,28.74,13.71,69.85,0.1,2.23,23.24
2017-05-26,19.98,28.57,13.64,65.7,0.09,1.8,23.66
2017-05-27,20.06,28.11,12.67,65.88,0.07,1.67,21.68
2017-05-28,20.35,26.47,15.75,76.33,1.93,1.76,19.79
2017-05-29,19.38,25.08,15.78,77.3,1.43,2.39,11.31
2017-05-30,19.8,26.94,14.98,71.73,0.51,2.61,16.35
2017-05-31,19.74,27.19,14.28,71.99,0.34,2.43,18.87
2017-06-01,20.17,28.17,14.1,67.82,0.04,2.01,20.78
2017-06-02,20.44,28.25,14.2,71.24,0.24,1.9,19.92
2017-06-03,20.48,28.08,15.03,71.35,0.24,2.38,21.21
2017-06-04,20.24,27.41,14.75,71.95,0.33,2.3,17.92
2017-06-05,18.51,25.22,15.23,72.37,1.08,2.25,16.6
2017-06-06,19.68,27.16,14.07,70.82,0.2,2.69,19.39
2017-06-07,20.37,28.66,14.29,69.39,0.19,2.13,21.01
2017-06-08,20.42,28.21,14.66,69.99,0.46,1.89,21.06
2017-06-09,19.58,27.02,14.66,71.11,0.5,2.49,21.32
2017-06-10,19.64,27.97,13.93,64.95,0.17,2.56,18.23
2017-06-11,18.91,27.75,12.18,63.28,0.05,2.64,20.76
2017-06-12,19.25,27.42,12.67,70.91,0.74,3.2,20.91
2017-06-13,19.41,27.29,12.1,65.75,0.17,3.19,19.14
2017-06-14,19.59,27.95,13.42,67.4,0.71,3.22,15.91
2017-06-15,19.13,24.71,14.63,69.27,0.19,3.03,18.67
2017-06-16,19.74,27.51,14.38,63.64,0.03,3.0,17.33
2017-06-17,19.57,27.72,13.61,62.79,0.06,3.09,18.6
2017-06-18,19.01,26.35,13.67,67.31,0.1,2.91,16.79
2017-06-19,19.16,27.36,12.45,66.42,0.19,2.95,19.04
2017-06-20,19.86,27.54,13.61,63.95,0.1,2.73,20.9
2017-06-21,19.8,27.31,13.44,60.25,0.24,1.97,20.42
2017-06-22,19.88,28.46,13.71,64.21,0.13,2.23,16.32
2017-06-23,19.88,28.51,13.16,58.02,0.02,2.74,17.52
2017-06-24,19.7,27.73,13.8,67.56,0.29,3.38,20.28
2017-06-25,20.39,28.66,13.72,62.79,0.09,2.83,20.79
2017-06-26,19.73,27.72,13.94,64.76,0.13,2.74,14.24
2017-06-27,19.39,28.04,12.9,64.24,0.11,3.14,17.82
2017-06-28,19.57,28.02,13.19,62.13,0.12,3.21,14.99
2017-06-29,19.42,27.34,13.12,66.07,0.24,2.94,17.32
2017-06-30,19.16,25.16,14.44,67.72,0.76,2.51,16.45
2017-07-01,19.63,27.59,13.03,60.47,0.06,2.62,21.74
2017-07-02,19.28,26.17,12.92,61.67,0.21,1.99,21.77
2017-07-03,18.81,24.64,15.19,68.71,0.61,2.25,18.12
2017-07-04,18.08,24.14,14.22,68.57,0.81,2.28,10.37
2017-07-05,18.54,24.98,13.18,67.22,0.14,2.47,16.92
2017-07-06,18.11,25.2,12.49,63.35,0.29,2.41,15.81
2017-07-07,19.48,27.23,12.98,59.15,0.01,2.51,22.38
2017-07-08,19.0,27.47,10.93,62.08,0.02,2.61,22.43
2017-07-09,19.6,28.78,11.93,56.01,0.03,2.34,23.72
2017-07-10,19.53,26.84,12.47,58.92,0.25,2.0,22.2
2017-07-11,20.38,28.21,12.74,57.66,0.48,1.92,21.67
2017-07-12,20.25,27.17,14.97,62.84,0.77,2.36,19.96
2017-07-13,20.11,27.86,13.66,62.23,0.23,2.38,18.67
2017-07-14,18.68,24.87,14.52,71.4,1.58,2.33,16.83
2017-07-15,18.62,26.52,12.67,67.34,0.8,2.14,19.08
2017-07-16,19.57,26.83,13.5,60.52,0.18,2.04,21.0
2017-07-17,20.16,27.25,14.3,63.1,0.2,2.46,20.3
2017-07-18,20.21,28.26,14.01,57.27,0.04,3.02,22.58
2017-07-19,19.95,29.01,11.08,57.21,0.04,2.26,21.62
2017-07-20,20.28,27.68,13.84,62.24,0.15,2.42,22.07
2017-07-21,20.3,27.86,15.04,66.41,0.56,2.69,20.92
2017-07-22,18.56,23.15,14.09,70.21,0.65,2.25,14.93
2017-07-23,19.32,26.14,14.36,68.06,0.51,2.34,15.02
2017-07-24,19.16,26.11,14.46,66.39,2.32,2.46,12.16
2017-07-25,18.91,25.61,12.09,61.17,0.24,2.12,18.05
2017-07-26,19.26,25.74,13.71,62.09,1.56,2.49,15.85
2017-07-27,19.3,27.11,14.14,67.58,0.98,2.58,16.71
2017-07-28,19.55,27.82,13.53,64.15,0.76,2.07,11.83
2017-07-29,18.92,25.97,12.54,64.09,0.3,2.01,16.91
2017-07-30,19.16,25.26,14.0,59.03,0.56,2.49,19.94
2017-07-31,18.86,24.88,14.58,69.28,1.2,3.02,14.01
2017-08-01,19.47,27.38,13.31,60.95,0.24,3.48,15.96
2017-08-02,18.3,25.06,13.4,68.5,0.69,2.81,9.37
2017-08-03,18.53,25.64,13.42,70.77,0.8,3.12,12.07
2017-08-04,19.33,26.95,13.72,65.91,0.21,2.91,15.67
2017-08-05,19.52,27.03,12.88,62.59,0.11,1.97,17.77
2017-08-06,19.82,26.72,13.64,63.67,0.2,2.59,22.81
2017-08-07,19.83,26.59,14.44,64.74,0.31,2.46,19.77
2017-08-08,18.34,24.33,13.71,66.02,0.27,2.31,19.59
2017-08-09,19.38,27.52,13.66,63.86,0.5,2.79,14.87
2017-08-10,19.1,26.57,13.1,58.9,0.28,2.64,18.33
2017-08-11,18.04,24.88,11.79,63.19,0.47,2.06,16.18
2017-08-12,19.02,26.52,13.03,62.0,0.36,3.13,13.98
2017-08-13,18.73,25.59,12.71,55.69,0.05,2.8,18.04
2017-08-14,18.89,26.43,12.83,68.6,0.72,3.45,15.67
2017-08-15,18.84,26.49,13.27,66.11,0.8,3.74,15.74
2017-08-16,19.87,29.11,13.09,61.01,0.24,3.54,20.26
2017-08-17,20.75,30.41,13.62,60.64,0.23,3.28,24.33
2017-08-18,20.72,29.25,13.6,56.27,0.03,3.54,24.31
2017-08-19,20.6,28.57,14.53,64.76,0.19,3.68,22.6
2017-08-20,20.17,29.05,12.25,60.41,0.05,3.37,21.7
2017-08-21,20.12,28.26,14.16,63.5,0.13,3.24,19.7
2017-08-22,20.68,28.33,13.9,60.49,0.18,2.35,20.68
2017-08-23,20.94,28.91,14.73,63.78,1.35,2.72,19.01
2017-08-24,18.94,24.24,14.33,62.87,0.97,2.32,20.24
2017-08-25,20.36,30.17,12.55,55.69,0.04,3.25,22.5
2017-08-26,20.22,27.33,14.5,54.72,0.03,3.03,19.18
2017-08-27,20.26,28.51,12.06,53.74,0.0,2.47,25.84
2017-08-28,19.9,27.85,13.76,61.59,0.19,2.82,21.56
2017-08-29,20.21,27.4,14.39,61.61,0.32,2.44,19.08
2017-08-30,20.42,28.06,14.41,59.94,0.7,2.65,16.5
2017-08-31,20.06,25.74,14.45,65.44,1.14,2.06,19.21
2017-09-01,18.1,22.47,14.48,66.93,1.27,1.79,19.16
2017-09-02,19.74,27.69,13.64,62.31,0.11,2.4,22.08
2017-09-03,18.94,25.01,14.45,68.91,0.62,2.68,12.8
2017-09-04,19.48,26.02,14.78,63.29,0.56,2.66,11.46
2017-09-05,20.22,28.01,13.94,61.61,0.27,2.75,19.43
2017-09-06,19.46,25.92,14.03,60.16,0.38,2.87,21.2
2017-09-07,19.77,27.79,12.26,56.04,0.08,3.03,22.78
2017-09-08,19.77,27.12,14.33,64.44,0.58,3.42,18.06
2017-09-09,20.32,28.23,14.16,65.2,0.46,3.49,21.31
2017-09-10,20.04,27.58,13.83,63.95,0.84,3.01,18.86
2017-09-11,21.33,30.22,14.89,59.13,0.49,2.99,22.88
2017-09-12,18.82,24.37,14.11,67.86,0.82,2.89,20.7
2017-09-13,19.12,26.57,13.58,66.33,0.8,3.45,22.35
2017-09-14,20.0,27.59,13.74,66.28,0.67,3.39,17.27
2017-09-15,20.62,26.91,15.43,62.04,1.08,2.09,20.33
2017-09-16,21.61,29.7,14.88,62.39,1.74,2.01,20.85
2017-09-17,21.25,28.7,15.23,57.13,0.58,1.93,21.18
2017-09-18,21.97,30.86,13.93,45.48,0.0,2.7,25.37
2017-09-19,20.19,28.32,13.76,60.75,0.26,3.81,24.71
2017-09-20,20.63,28.58,15.08,67.83,2.2,4.51,17.05
2017-09-21,20.02,27.84,13.75,65.73,0.62,3.97,18.7
2017-09-22,20.62,29.51,13.2,50.07,0.06,2.8,24.03
2017-09-23,20.14,27.2,12.22,53.51,0.03,1.37,24.57
2017-09-24,20.88,29.51,13.29,53.19,0.35,2.69,14.37
2017-09-25,20.87,29.1,14.19,58.1,0.08,3.5,26.4
2017-09-26,21.86,30.34,14.61,54.3,0.05,3.17,24.6
2017-09-27,21.51,31.14,14.2,53.41,0.02,3.71,25.53
2017-09-28,21.3,30.46,14.58,56.38,0.13,3.99,25.8
2017-09-29,20.96,28.85,14.33,60.39,0.36,3.83,20.54
2017-09-30,20.71,29.04,14.01,55.73,0.13,3.62,22.55
2017-10-01,21.43,30.56,14.26,56.56,0.21,4.0,21.78
2017-10-02,21.43,30.6,13.99,54.26,0.05,3.79,24.83
2017-10-03,21.69,30.45,14.72,52.16,0.01,3.53,26.39
2017-10-04,21.35,30.98,13.51,51.23,0.01,3.93,27.75
2017-10-05,22.44,31.58,15.11,51.16,0.02,3.57,27.21
2017-10-06,22.06,31.38,14.87,51.81,0.0,3.73,27.27
2017-10-07,21.91,31.51,14.32,51.97,0.01,3.63,26.01
2017-10-08,22.0,30.18,15.45,56.32,1.02,3.52,26.01
2017-10-09,21.82,29.36,15.45,59.54,1.29,2.99,25.05
2017-10-10,22.76,31.91,15.2,52.82,0.89,3.25,24.76
2017-10-11,22.5,30.81,14.1,55.38,0.58,2.66,23.02
2017-10-12,21.97,29.69,16.08,62.67,4.03,2.51,22.9
2017-10-13,22.18,29.35,16.29,63.29,1.29,2.58,21.46
2017-10-14,21.06,29.13,14.89,52.43,0.14,2.82,21.01
2017-10-15,21.79,28.28,15.75,57.7,0.25,2.61,24.95
2017-10-16,22.68,30.53,15.64,56.13,0.14,2.48,23.33
2017-10-17,22.42,27.85,15.87,55.4,0.34,1.33,22.57
2017-10-18,23.1,30.79,15.91,55.91,0.53,2.42,19.76
2017-10-19,20.59,25.76,17.35,76.28,4.66,2.98,21.84
2017-10-20,21.45,28.79,16.23,68.6,1.29,2.67,21.24
2017-10-21,21.37,29.51,16.02,61.24,0.23,3.77,14.64
2017-10-22,21.35,30.88,13.63,50.88,0.02,3.28,28.05
2017-10-23,20.7,28.32,14.76,63.74,0.8,3.21,20.14
2017-10-24,21.05,29.06,14.07,63.65,1.64,2.69,19.97
2017-10-25,21.54,29.7,15.79,71.21,2.57,4.07,18.11
2017-10-26,20.88,28.0,15.96,71.08,3.42,4.59,20.01
2017-10-27,21.06,27.72,16.37,72.3,2.7,4.2,23.86
2017-10-28,21.32,29.43,15.84,67.67,0.88,4.24,23.92
2017-10-29,20.44,27.25,15.57,72.26,3.24,4.64,21.68
2017-10-30,19.95,27.34,14.34,67.94,0.29,4.56,20.19
2017-10-31,20.47,27.97,13.69,60.36,0.01,3.75,25.05
2017-11-01,20.51,28.23,14.86,65.96,1.47,3.64,19.26
2017-11-02,19.55,27.22,13.64,73.29,4.32,4.01,13.06
2017-11-03,19.85,26.86,14.32,73.48,4.66,3.52,15.2
2017-11-04,19.69,27.17,14.48,74.8,4.23,3.49,16.74
2017-11-05,18.93,25.25,13.81,74.6,3.34,3.33,16.05
2017-11-06,20.11,28.09,14.37,69.67,1.77,3.11,17.71
2017-11-07,20.13,26.94,15.5,74.11,2.69,3.36,16.42
2017-11-08,20.04,26.81,15.98,78.57,7.9,3.71,18.69
2017-11-09,20.26,26.58,16.4,77.09,4.2,4.1,19.2
2017-11-10,20.07,26.34,16.0,78.58,4.93,3.83,18.0
2017-11-11,20.11,27.03,15.15,75.45,1.22,3.64,20.81
2017-11-12,20.28,27.17,15.6,72.53,0.87,4.01,20.88
2017-11-13,20.36,27.43,15.16,74.19,2.52,3.77,20.28
2017-11-14,19.83,25.49,16.2,77.91,2.32,3.71,15.16
2017-11-15,18.81,22.9,15.6,78.29,3.64,4.06,21.89
2017-11-16,19.89,27.04,14.88,75.89,1.62,4.03,21.72
2017-11-17,19.89,26.82,15.58,76.64,0.4,4.22,24.38
2017-11-18,20.1,27.01,14.99,71.89,0.59,3.93,21.2
2017-11-19,19.99,26.57,15.3,74.79,1.02,4.22,14.46
2017-11-20,19.91,26.99,15.29,73.73,0.58,3.78,19.88
2017-11-21,19.89,26.88,14.68,71.2,0.33,3.87,22.98
2017-11-22,19.86,26.41,14.94,74.59,2.52,2.88,20.22
2017-11-23,20.86,27.97,15.9,72.1,1.23,3.29,21.71
2017-11-24,20.27,26.61,15.86,76.23,3.77,3.3,21.56
2017-11-25,20.11,27.54,15.37,74.75,1.52,3.8,19.62
2017-11-26,19.84,27.45,14.64,70.59,0.64,4.22,21.13
2017-11-27,19.78,27.78,14.04,68.53,0.03,4.06,25.25
2017-11-28,20.51,28.43,14.54,70.22,0.66,3.36,25.0
2017-11-29,20.63,27.43,16.21,72.79,1.36,3.98,25.3
2017-11-30,20.08,26.52,16.03,76.62,1.65,4.21,20.87
2017-12-01,20.87,28.39,15.7,65.71,0.2,3.89,24.27
2017-12-02,20.35,28.49,13.61,65.26,0.13,3.53,25.4
2017-12-03,21.05,28.33,15.45,65.89,0.05,3.78,25.84
2017-12-04,20.69,28.55,14.68,66.0,0.37,3.88,24.83
2017-12-05,20.18,27.57,14.85,72.48,1.87,3.68,23.24
2017-12-06,20.17,27.58,15.78,74.11,2.34,3.68,21.82
2017-12-07,20.8,28.44,15.59,72.63,1.15,3.69,22.65
2017-12-08,20.48,27.11,16.2,73.09,1.58,4.0,19.31
2017-12-09,19.66,25.93,15.46,76.59,1.52,4.5,22.62
2017-12-10,19.42,26.13,13.78,63.37,0.03,4.64,25.59
2017-12-11,19.9,26.88,14.91,66.89,0.49,4.5,24.0
2017-12-12,20.42,28.19,14.65,62.62,0.04,4.46,26.14
2017-12-13,20.32,28.41,13.48,63.92,0.0,4.07,25.27
2017-12-14,21.5,30.57,13.18,58.54,0.0,2.95,20.93
2017-12-15,21.79,29.24,15.67,60.67,0.01,3.14,23.37
2017-12-16,22.33,29.67,16.5,59.16,0.0,4.05,24.43
2017-12-17,21.15,28.82,15.97,64.76,0.22,4.16,24.33
2017-12-18,20.41,27.98,15.53,70.11,0.77,4.83,24.8
2017-12-19,20.18,27.16,15.82,72.19,0.94,5.0,16.54
2017-12-20,20.0,26.84,14.5,64.8,0.18,5.05,23.36
2017-12-21,20.23,28.09,13.2,56.59,0.0,4.37,25.45
2017-12-22,20.46,28.07,14.28,56.5,0.0,4.09,23.69
2017-12-23,21.13,29.22,14.18,56.09,0.0,3.96,25.25
2017-12-24,21.21,28.13,14.4,48.29,0.0,4.13,25.52
2017-12-25,21.67,29.46,15.72,45.19,0.0,4.28,20.19
2017-12-26,21.64,29.76,14.63,49.92,0.0,3.9,24.98
2017-12-27,21.25,29.94,13.23,52.33,0.02,4.09,26.67
2017-12-28,21.29,29.68,13.56,54.77,0.0,4.31,26.58
2017-12-29,21.69,30.45,13.78,56.03,0.0,3.9,24.54
2017-12-30,21.84,30.57,14.51,53.29,0.0,4.31,24.8
2017-12-31,22.29,30.39,16.08,46.67,0.01,3.62,22.81
2018-01-01,23.29,31.7,14.94,43.89,0.09,1.42,21.26
2018-01-02,21.96,28.43,16.35,55.16,0.47,1.26,20.6
2018-01-03,21.36,27.67,17.16,63.49,2.79,1.51,17.1
2018-01-04,20.05,24.65,16.42,67.94,0.98,1.77,9.38
2018-01-05,21.42,28.52,15.49,54.26,0.01,2.04,19.09
2018-01-06,21.1,28.29,14.57,54.54,0.02,2.49,15.76
2018-01-07,21.46,27.67,15.99,49.68,0.01,1.2,19.83
2018-01-08,22.85,30.65,14.67,43.55,0.0,1.32,23.25
2018-01-09,22.77,29.23,17.47,43.4,0.13,1.05,18.06
2018-01-10,21.63,28.19,16.78,54.8,0.26,2.05,19.49
2018-01-11,20.96,27.46,16.22,52.39,0.15,3.24,16.28
2018-01-12,20.82,27.98,14.03,51.87,0.01,3.58,22.08
2018-01-13,20.84,28.72,14.09,45.5,0.0,3.65,25.24
2018-01-14,22.09,31.17,13.58,36.56,0.02,2.78,25.76
2018-01-15,22.25,31.0,14.66,35.01,0.0,2.98,26.0
2018-01-16,21.85,31.03,13.58,41.26,0.0,3.07,25.68
2018-01-17,22.49,31.26,15.37,48.7,0.12,3.05,24.51
2018-01-18,22.96,32.2,14.48,47.1,0.0,2.78,23.29
2018-01-19,22.63,31.16,15.74,53.7,0.02,3.71,22.69
2018-01-20,22.18,29.92,15.83,56.55,0.07,4.27,25.87
2018-01-21,21.59,30.59,13.79,49.04,0.03,4.02,27.37
2018-01-22,21.34,30.02,13.13,47.52,0.0,4.52,27.13
2018-01-23,21.7,30.17,13.68,48.05,0.0,4.13,26.93
2018-01-24,21.76,30.7,13.46,51.94,0.06,3.03,25.93
2018-01-25,22.31,30.44,15.32,53.8,1.55,2.71,22.37
2018-01-26,22.38,29.27,16.45,57.27,0.7,2.29,19.14
2018-01-27,22.68,30.8,15.43,52.38,0.02,3.53,24.9
2018-01-28,22.56,31.77,14.01,49.88,0.03,2.9,26.97
2018-01-29,22.78,32.36,14.49,42.81,0.0,3.12,27.71
2018-01-30,23.25,32.2,14.9,40.89,0.0,3.26,24.78
2018-01-31,22.38,28.92,16.59,51.64,0.04,4.02,23.23
2018-02-01,22.45,30.58,15.15,55.79,0.0,4.39,27.4
2018-02-02,21.85,30.21,14.53,59.76,0.0,4.43,27.88
2018-02-03,21.96,31.05,13.95,52.01,0.0,4.04,28.26
2018-02-04,22.25,31.28,13.95,49.11,0.0,3.91,27.6
2018-02-05,22.24,29.88,15.52,57.36,0.33,4.36,26.76
2018-02-06,21.95,30.22,15.03,55.56,0.05,4.6,25.65
2018-02-07,21.43,29.31,15.26,47.59,0.01,4.9,25.11
2018-02-08,21.2,30.31,13.3,35.58,0.0,4.2,27.01
2018-02-09,21.42,30.73,13.07,40.16,0.0,3.92,23.59
2018-02-10,21.38,30.4,13.87,47.62,0.06,4.29,27.54
2018-02-11,21.57,29.98,15.4,60.81,0.24,4.5,26.46
2018-02-12,21.06,29.16,13.96,54.42,0.02,4.46,25.56
2018-02-13,21.49,29.94,13.02,48.89,0.01,4.71,26.15
2018-02-14,21.59,29.17,15.64,61.91,0.43,4.23,23.82
2018-02-15,21.78,30.05,15.0,58.72,0.01,4.36,25.53
2018-02-16,21.95,29.87,15.66,56.77,0.02,4.13,27.18
2018-02-17,21.57,29.87,13.87,57.48,0.01,3.99,25.69
2018-02-18,21.96,29.78,14.5,56.69,0.01,3.84,25.36
2018-02-19,23.07,31.59,15.45,55.01,0.03,3.64,25.72
2018-02-20,22.34,30.28,15.17,58.38,4.07,3.72,23.8
2018-02-21,23.63,31.84,15.75,51.31,0.01,3.73,25.5
2018-02-22,23.16,31.99,15.96,52.02,0.15,3.75,26.87
2018-02-23,22.7,31.9,14.61,52.56,0.54,3.84,27.17
2018-02-24,22.53,32.11,13.31,50.16,0.18,3.74,27.62
2018-02-25,23.73,32.67,16.72,52.02,0.07,3.23,27.34
2018-02-26,24.28,33.42,15.15,44.44,0.0,3.35,27.97
2018-02-27,23.56,32.09,15.04,45.55,0.01,3.13,26.45
2018-02-28,23.34,31.54,16.2,52.1,0.31,3.12,24.83
2018-03-01,20.46,24.97,16.98,70.54,4.17,2.24,19.35
2018-03-02,19.94,25.71,15.63,72.36,3.18,2.5,17.74
2018-03-03,20.26,26.08,16.24,75.34,14.55,1.32,21.27
2018-03-04,18.45,21.41,16.46,82.43,20.23,1.28,12.01
2018-03-05,19.84,26.07,14.84,75.04,19.47,1.47,17.54
2018-03-06,18.37,21.44,16.15,83.23,8.98,1.61,15.92
2018-03-07,18.97,24.64,15.23,76.29,2.36,1.53,23.8
2018-03-08,21.2,28.48,14.8,69.47,0.0,2.99,24.31
2018-03-09,21.49,28.11,16.19,68.99,0.5,2.23,21.93
2018-03-10,20.56,25.89,16.48,70.25,3.21,1.26,16.62
2018-03-11,20.24,26.05,15.75,73.86,1.36,0.7,17.36
2018-03-12,18.67,21.7,16.52,84.24,5.67,1.06,16.52
2018-03-13,19.29,23.87,15.74,83.86,18.98,1.15,12.55
2018-03-14,20.37,25.35,16.26,77.74,4.2,1.63,22.17
2018-03-15,19.13,22.78,17.02,86.35,27.81,1.07,8.23
2018-03-16,18.48,21.97,15.8,85.25,22.89,1.2,15.63
2018-03-17,18.97,22.9,15.87,84.93,5.58,1.19,18.19
2018-03-18,19.33,23.88,16.52,83.15,5.69,1.39,17.32
2018-03-19,19.16,23.44,15.26,84.12,5.12,3.0,14.43
2018-03-20,18.69,22.68,15.91,85.7,11.37,3.99,18.73
2018-03-21,18.41,22.63,15.4,85.37,4.14,4.08,20.81
2018-03-22,18.71,24.89,14.01,79.4,0.35,2.9,23.34
2018-03-23,18.63,25.74,11.68,77.07,0.02,2.42,27.31
2018-03-24,19.26,25.43,13.97,79.14,0.05,2.73,26.97
2018-03-25,19.48,25.36,15.26,81.79,1.27,3.04,24.06
2018-03-26,19.36,24.47,15.53,83.75,2.82,3.3,20.42
2018-03-27,19.38,24.81,15.84,83.55,2.37,4.18,22.76
2018-03-28,19.18,23.9,16.03,81.52,2.95,4.45,21.66
2018-03-29,18.98,24.01,15.34,80.81,0.43,3.91,20.2
2018-03-30,18.83,24.41,14.88,81.04,0.65,3.32,21.89
2018-03-31,19.26,25.4,14.41,78.84,0.36,3.07,21.59
2018-04-01,19.33,25.3,15.33,78.77,1.02,2.86,21.54
2018-04-02,19.34,24.93,15.3,77.36,0.95,3.38,17.8
2018-04-03,19.19,24.92,15.52,77.62,4.24,3.79,19.14
2018-04-04,19.47,25.43,15.43,76.24,3.13,3.39,21.86
2018-04-05,19.47,25.73,14.99,75.31,0.5,2.4,22.36
2018-04-06,19.7,26.44,14.81,76.13,2.07,2.72,19.24
2018-04-07,20.12,26.67,16.0,75.94,1.6,3.16,19.88
2018-04-08,19.34,25.68,15.06,76.9,2.87,3.06,19.43
2018-04-09,19.51,26.66,14.18,76.38,3.17,2.67,22.28
2018-04-10,20.19,27.62,14.72,74.19,3.39,1.92,22.83
2018-04-11,19.7,24.96,15.83,81.7,7.94,2.4,19.11
2018-04-12,19.67,25.49,15.82,81.19,3.83,2.89,21.71
2018-04-13,18.81,23.07,15.27,83.16,3.37,2.15,19.88
2018-04-14,19.21,24.19,15.3,81.83,2.04,1.93,16.55
2018-04-15,17.66,20.63,15.98,85.53,4.57,2.46,17.58
2018-04-16,18.7,24.68,14.23,80.46,11.46,2.54,19.52
2018-04-17,17.61,20.96,14.94,87.65,20.22,2.15,13.88
2018-04-18,18.8,23.8,14.43,83.47,20.61,1.37,19.18
2018-04-19,18.19,21.76,15.72,89.9,37.14,1.05,17.42
2018-04-20,18.1,21.47,15.7,90.67,9.82,0.78,20.82
2018-04-21,18.43,22.28,15.94,88.3,4.54,1.54,20.06
2018-04-22,17.62,21.05,15.13,87.55,3.19,1.52,14.96
2018-04-23,19.15,24.1,14.27,84.74,13.75,1.68,20.38
2018-04-24,17.77,21.41,15.86,90.06,18.74,2.11,14.71
2018-04-25,18.51,23.61,15.34,85.37,4.46,2.56,15.64
2018-04-26,19.16,24.73,14.65,85.64,4.75,2.5,18.61
2018-04-27,18.5,23.84,14.96,85.68,9.15,2.87,17.43
2018-04-28,18.3,23.66,14.53,84.85,2.52,2.94,18.16
2018-04-29,17.58,21.84,14.29,84.71,0.47,2.62,16.64
2018-04-30,17.79,23.38,12.75,83.67,4.23,2.74,16.55
2018-05-01,17.48,22.73,13.9,87.3,19.15,2.73,14.23
2018-05-02,15.56,18.88,12.81,83.24,4.13,1.61,16.15
2018-05-03,17.74,23.66,13.27,83.58,0.54,2.02,18.43
2018-05-04,18.31,24.17,12.87,83.29,0.46,2.43,20.43
2018-05-05,18.44,23.76,13.43,84.73,4.68,2.8,18.31
2018-05-06,18.29,22.99,13.61,84.86,3.35,2.59,19.56
2018-05-07,18.13,22.84,14.79,86.96,1.31,2.75,16.35
2018-05-08,17.74,22.07,13.62,86.45,2.16,2.21,15.08
2018-05-09,17.93,23.31,13.75,84.56,3.23,2.62,16.05
2018-05-10,18.0,23.37,13.66,86.33,5.4,2.39,17.87
2018-05-11,17.36,22.09,13.8,88.39,11.1,2.55,15.93
2018-05-12,18.54,24.12,13.55,83.99,0.22,1.56,21.84
2018-05-13,19.17,24.86,14.46,84.84,1.57,1.31,19.99
2018-05-14,18.86,23.71,15.1,85.95,5.19,2.6,22.09
2018-05-15,18.25,24.26,13.58,80.06,0.45,2.41,19.88
2018-05-16,18.21,23.47,14.4,85.58,1.03,1.77,21.39
2018-05-17,18.03,22.56,14.64,84.7,0.42,1.73,20.2
2018-05-18,17.91,23.45,13.58,81.75,0.92,1.57,18.43
2018-05-19,18.22,23.83,13.97,82.58,3.35,1.65,18.04
2018-05-20,17.99,23.36,13.61,81.21,2.8,1.67,10.34
2018-05-21,18.04,22.54,14.69,86.56,7.63,2.17,13.27
2018-05-22,17.53,22.25,14.26,86.17,4.03,2.51,12.71
2018-05-23,17.75,23.05,13.73,84.41,0.59,2.32,16.98
2018-05-24,17.98,23.77,13.77,84.01,0.59,1.83,18.03
2018-05-25,17.97,23.79,13.7,82.73,1.09,1.52,19.01
2018-05-26,17.67,23.53,13.85,82.83,1.21,2.52,20.25
2018-05-27,17.77,23.2,13.59,84.18,1.76,2.45,17.78
2018-05-28,17.5,23.99,12.41,79.22,0.08,1.92,24.21
2018-05-29,16.34,23.7,10.75,78.78,0.05,1.65,23.56
2018-05-30,17.55,24.83,11.43,80.4,0.1,1.42,23.98
2018-05-31,18.38,24.45,13.3,84.0,1.7,1.58,19.24
2018-06-01,18.97,24.63,14.11,82.99,0.71,1.94,19.28
2018-06-02,18.8,24.54,14.43,83.08,1.38,2.31,18.2
2018-06-03,18.57,24.28,14.53,84.67,1.62,1.76,17.0
2018-06-04,17.96,22.82,14.97,86.26,4.7,1.66,14.01
2018-06-05,16.63,20.85,14.07,83.69,1.24,2.04,13.23
2018-06-06,16.87,22.17,13.43,80.55,1.19,1.97,13.15
2018-06-07,16.52,22.27,12.33,82.62,1.04,1.48,9.64
2018-06-08,16.88,22.29,12.4,82.07,0.55,1.17,13.52
2018-06-09,17.64,24.67,12.16,80.22,0.52,1.41,13.51
2018-06-10,17.72,24.9,12.41,75.97,0.07,1.75,15.95
2018-06-11,17.4,25.63,10.61,70.73,0.0,1.94,23.2
2018-06-12,17.4,24.2,11.78,79.53,0.1,2.37,20.18
2018-06-13,17.87,24.5,12.78,78.02,0.34,2.15,18.04
2018-06-14,17.81,24.12,12.87,79.8,0.36,1.35,15.63
2018-06-15,18.27,25.09,13.01,78.62,0.34,1.53,14.89
2018-06-16,18.28,25.02,13.2,78.02,0.57,1.82,18.45
2018-06-17,16.92,22.94,13.59,82.62,1.22,1.65,10.0
2018-06-18,16.97,21.65,13.87,82.66,2.2,1.78,9.3
2018-06-19,17.29,23.89,12.77,79.95,1.04,1.93,8.81
2018-06-20,17.66,24.5,12.67,75.15,0.1,2.2,15.26
2018-06-21,17.97,24.83,12.82,74.88,0.14,2.74,12.93
2018-06-22,17.98,25.07,12.38,75.81,0.31,2.51,18.52
2018-06-23,18.11,24.8,13.11,76.57,0.55,1.73,18.98
2018-06-24,17.65,23.26,13.44,78.41,0.56,1.71,16.9
2018-06-25,16.96,22.77,12.85,75.0,2.78,1.77,10.77
2018-06-26,17.68,24.45,12.79,75.44,0.55,2.29,13.77
2018-06-27,17.83,25.77,12.24,69.81,0.19,1.9,19.94
2018-06-28,17.79,25.8,11.09,70.88,0.02,1.89,21.1
2018-06-29,17.78,24.3,13.35,77.69,1.48,2.26,15.31
2018-06-30,18.17,25.61,12.79,75.41,0.25,2.64,17.23
2018-07-01,18.18,25.51,12.68,75.7,0.53,2.63,18.41
2018-07-02,17.7,24.53,12.46,77.79,0.78,2.85,12.58
2018-07-03,17.55,24.01,12.7,78.74,0.98,2.8,12.71
2018-07-04,17.0,23.03,12.8,77.93,1.27,3.3,8.95
2018-07-05,17.33,24.88,11.32,69.75,0.21,2.45,15.95
2018-07-06,16.92,25.51,9.2,66.19,0.02,2.55,18.69
2018-07-07,17.24,24.99,12.01,68.36,0.13,3.14,19.03
2018-07-08,17.38,24.77,11.52,70.13,0.12,2.47,15.54
2018-07-09,17.14,23.89,12.03,74.24,0.53,2.09,14.43
2018-07-10,17.67,24.46,12.17,74.77,0.29,2.25,13.28
2018-07-11,17.19,23.23,12.7,75.16,0.33,2.17,11.26
2018-07-12,17.76,24.42,12.66,74.15,0.36,2.43,14.09
2018-07-13,17.9,24.92,12.93,75.35,1.05,2.3,12.17
2018-07-14,17.15,23.27,12.87,76.77,0.89,2.0,10.97
2018-07-15,17.94,26.48,12.07,68.6,0.06,2.43,13.84
2018-07-16,17.34,25.81,11.02,67.72,0.04,2.21,20.19
2018-07-17,17.15,26.03,10.53,64.31,0.01,2.04,24.59
2018-07-18,16.81,23.36,11.2,66.62,0.0,2.58,16.94
2018-07-19,17.32,24.55,10.95,67.81,0.03,2.34,18.85
2018-07-20,16.96,23.24,12.81,71.25,0.11,2.34,15.93
2018-07-21,17.05,24.75,12.47,72.71,0.4,2.97,8.7
2018-07-22,17.35,24.61,12.1,72.02,0.16,2.92,14.65
2018-07-23,16.9,24.41,11.61,71.08,0.09,3.08,14.17
2018-07-24,16.95,24.26,11.33,69.33,0.12,2.64,12.83
2018-07-25,17.05,23.81,11.97,72.15,0.65,2.42,12.14
2018-07-26,17.55,25.04,12.02,69.23,0.18,2.54,13.62
2018-07-27,17.48,23.38,12.26,69.7,0.35,2.25,20.96
2018-07-28,18.95,27.47,11.24,61.73,0.03,1.83,21.43
2018-07-29,18.79,25.32,12.92,70.08,0.47,1.62,16.51
2018-07-30,18.81,25.98,13.79,70.94,2.09,1.8,19.15
2018-07-31,18.55,25.63,13.95,73.13,1.13,2.2,16.44
2018-08-01,18.88,25.56,14.04,69.63,0.41,2.73,20.61
2018-08-02,20.45,29.71,13.39,62.87,0.07,2.38,24.77
2018-08-03,20.41,29.05,13.65,62.27,0.07,2.42,23.89
2018-08-04,19.19,27.42,13.62,62.06,0.14,3.18,19.93
2018-08-05,18.42,27.31,11.96,64.14,0.27,3.46,17.05
2018-08-06,18.69,27.38,12.51,62.45,0.12,3.49,20.09
2018-08-07,18.96,28.62,10.93,49.98,0.07,3.19,24.99
2018-08-08,19.21,27.29,12.61,54.84,0.09,2.39,21.16
2018-08-09,19.37,26.81,13.25,62.77,0.11,2.4,22.19
2018-08-10,19.3,27.69,13.0,61.95,0.25,2.93,20.67
2018-08-11,18.19,27.19,11.88,59.51,0.24,3.86,20.25
2018-08-12,18.38,27.33,11.75,61.84,0.15,3.72,20.9
2018-08-13,18.23,27.2,11.67,59.07,0.08,3.8,15.75
2018-08-14,18.86,27.98,11.98,57.31,0.05,3.31,24.86
2018-08-15,18.54,27.17,11.97,61.85,0.27,3.27,18.23
2018-08-16,18.65,27.4,12.0,60.08,0.15,3.1,11.05
2018-08-17,18.57,24.16,13.54,67.83,0.58,2.15,17.49
2018-08-18,17.87,23.9,13.59,70.43,0.3,2.61,16.07
2018-08-19,18.31,25.03,13.37,65.81,0.27,2.58,14.4
2018-08-20,18.07,25.31,12.46,64.03,0.2,2.73,16.42
2018-08-21,18.99,27.78,12.12,63.24,0.21,2.82,17.05
2018-08-22,19.63,27.29,12.35,61.34,0.1,2.32,20.68
2018-08-23,19.3,25.29,14.14,65.44,0.35,2.52,15.77
2018-08-24,19.22,26.17,14.03,65.59,2.06,2.03,15.0
2018-08-25,19.16,27.91,12.3,61.92,0.91,3.2,18.96
2018-08-26,19.88,27.13,13.7,66.55,1.42,2.24,16.97
2018-08-27,19.64,25.42,15.15,67.7,3.15,2.43,18.28
2018-08-28,18.08,23.42,13.84,74.08,2.36,2.08,14.9
2018-08-29,17.36,22.78,13.35,73.07,0.58,2.54,10.91
2018-08-30,17.96,25.52,11.87,65.01,0.18,2.99,18.19
2018-08-31,18.14,25.02,12.59,70.04,0.53,2.55,12.41
2018-09-01,18.84,25.88,13.01,67.21,0.56,2.76,14.17
2018-09-02,19.02,25.68,13.7,67.97,0.59,2.66,12.91
2018-09-03,18.52,25.14,13.86,64.87,0.47,2.51,15.22
2018-09-04,19.3,26.43,13.66,68.47,0.89,3.0,16.79
2018-09-05,19.01,26.84,12.62,62.52,0.29,3.97,19.78
2018-09-06,19.15,26.64,12.91,64.8,0.27,4.25,21.95
2018-09-07,20.01,28.97,13.12,58.39,0.04,3.97,24.77
2018-09-08,20.21,29.48,13.59,57.84,0.16,4.02,24.81
2018-09-09,21.05,30.33,12.63,57.11,0.08,3.33,26.52
2018-09-10,21.59,30.63,14.72,59.72,0.24,3.68,24.07
2018-09-11,20.75,30.01,14.31,57.22,0.13,4.3,23.27
2018-09-12,20.46,29.89,13.43,55.6,0.07,4.16,26.34
2018-09-13,20.77,30.11,13.74,60.66,1.21,3.8,22.57
2018-09-14,21.71,30.69,14.49,55.74,0.07,3.7,24.33
2018-09-15,20.95,30.56,13.0,49.71,0.07,3.83,26.99
2018-09-16,21.14,31.3,13.35,48.94,0.08,3.45,28.11
2018-09-17,21.22,31.74,12.86,50.86,0.01,2.82,26.08
2018-09-18,21.12,30.8,13.35,52.3,0.05,3.38,26.26
2018-09-19,20.65,29.34,13.23,54.07,0.12,3.26,25.24
2018-09-20,20.93,30.37,12.56,51.82,0.05,3.74,26.7
2018-09-21,21.42,29.93,14.58,58.94,0.59,3.76,24.12
2018-09-22,20.76,29.11,14.51,59.66,0.35,3.99,19.44
2018-09-23,20.61,29.73,14.12,56.06,0.15,3.99,24.8
2018-09-24,20.47,29.85,13.74,59.42,0.18,4.21,27.2
2018-09-25,20.95,29.55,14.3,61.11,0.67,4.14,23.23
2018-09-26,21.6,30.85,14.03,57.82,0.26,4.06,25.68
2018-09-27,19.67,26.06,15.36,67.46,0.97,4.16,19.96
2018-09-28,21.08,29.62,14.91,65.81,0.27,4.17,22.49
2018-09-29,20.3,28.75,14.09,61.17,0.13,3.93,23.73
2018-09-30,20.77,30.52,13.67,50.8,0.01,3.55,25.56
2018-10-01,20.01,29.16,12.26,57.23,0.01,3.46,26.58
2018-10-02,20.21,28.74,13.79,59.93,0.06,3.92,22.82
2018-10-03,20.93,30.26,14.03,59.84,0.33,4.08,25.2
2018-10-04,21.18,30.39,14.27,58.09,0.42,3.95,21.85
2018-10-05,21.58,30.85,14.92,60.42,0.35,3.99,26.08
2018-10-06,21.9,31.09,14.97,61.09,0.47,3.77,25.19
2018-10-07,21.99,30.42,15.19,59.97,0.49,2.98,24.3
2018-10-08,20.95,28.96,15.75,65.03,3.25,3.1,18.93
2018-10-09,20.59,28.35,15.37,64.6,0.64,3.88,18.25
2018-10-10,20.31,28.62,13.55,60.8,0.28,4.47,20.47
2018-10-11,20.63,29.92,13.26,56.62,0.18,4.02,26.0
2018-10-12,21.47,31.04,13.33,54.82,0.04,3.27,25.72
2018-10-13,22.17,30.57,15.3,57.57,0.11,3.5,23.0
2018-10-14,21.99,30.65,15.52,56.55,0.06,3.48,25.62
2018-10-15,22.23,31.12,15.67,56.04,0.79,3.16,23.87
2018-10-16,22.42,31.51,15.58,55.78,0.17,3.69,25.76
2018-10-17,22.36,31.26,16.08,58.36,0.58,3.89,24.47
2018-10-18,21.93,29.77,16.55,64.56,1.9,4.24,21.32
2018-10-19,21.48,28.09,16.62,65.44,1.96,4.14,21.13
2018-10-20,20.87,28.63,15.23,62.42,4.65,4.35,24.24
2018-10-21,20.73,28.31,14.7,60.0,0.07,4.75,22.94
2018-10-22,19.39,26.86,13.34,64.46,0.46,4.89,21.43
2018-10-23,18.46,25.33,13.78,68.68,1.7,4.58,10.0
2018-10-24,19.38,27.95,12.36,65.73,2.37,3.26,13.37
2018-10-25,19.11,25.98,14.77,75.73,4.64,3.64,11.59
2018-10-26,19.59,26.89,13.61,74.0,3.02,3.79,16.81
2018-10-27,19.54,26.86,14.18,72.3,1.06,4.09,14.7
2018-10-28,19.34,25.88,15.35,70.59,1.59,3.18,18.56
2018-10-29,20.09,27.6,15.02,72.68,1.08,3.38,20.84
2018-10-30,20.53,27.3,15.31,65.06,0.57,3.66,19.45
2018-10-31,20.72,28.26,14.72,66.59,0.14,3.98,23.74
2018-11-01,20.69,28.02,15.93,73.02,1.44,4.39,23.26
2018-11-02,20.64,27.01,16.25,72.23,9.34,4.76,19.35
2018-11-03,20.5,27.47,15.91,70.45,0.57,4.4,19.29
2018-11-04,20.2,27.76,14.98,63.17,0.15,3.85,21.01
2018-11-05,20.67,29.26,14.56,59.36,0.04,3.53,25.1
2018-11-06,21.15,29.58,15.14,61.1,0.05,3.55,25.62
2018-11-07,21.77,30.03,15.38,62.04,0.09,3.56,25.56
2018-11-08,22.21,30.64,16.05,61.66,0.16,3.72,26.37
2018-11-09,21.84,30.14,15.9,65.13,0.86,3.26,20.77
2018-11-10,21.72,29.12,15.95,62.47,0.48,3.76,21.78
2018-11-11,21.18,28.11,16.06,66.24,3.72,3.5,19.68
2018-11-12,20.98,28.66,15.27,66.82,4.96,3.57,23.23
2018-11-13,20.62,27.88,15.09,69.98,0.78,4.05,22.16
2018-11-14,20.8,28.41,15.16,69.27,1.11,3.92,24.82
2018-11-15,21.34,29.2,15.06,61.78,0.12,3.92,25.62
2018-11-16,21.3,29.97,13.29,56.27,0.0,3.41,27.71
2018-11-17,21.7,29.97,16.38,69.91,0.8,3.25,20.58
2018-11-18,22.1,29.75,16.08,63.52,0.39,3.94,24.42
2018-11-19,21.02,27.82,16.51,72.97,1.39,3.81,21.78
2018-11-20,20.87,28.18,16.31,74.37,2.25,4.22,20.18
2018-11-21,20.5,27.59,16.41,76.96,2.49,4.59,19.1
2018-11-22,20.57,26.63,16.4,72.75,1.73,4.16,20.34
2018-11-23,20.81,27.42,15.84,68.26,0.28,3.76,22.47
2018-11-24,20.82,27.49,16.01,68.12,1.12,4.55,24.15
2018-11-25,20.74,27.9,15.65,70.12,2.39,4.5,19.94
2018-11-26,20.7,27.34,15.85,70.91,0.71,4.11,17.95
2018-11-27,20.65,27.5,15.43,70.83,1.12,3.67,19.97
2018-11-28,20.89,28.45,14.92,70.82,1.51,4.1,21.5
2018-11-29,20.36,27.74,16.4,74.64,1.84,4.79,20.82
2018-11-30,20.62,27.28,16.1,70.18,0.37,5.02,22.97
2018-12-01,20.22,26.5,16.16,76.42,3.45,4.48,17.08
2018-12-02,20.3,27.35,15.59,74.36,4.3,3.64,17.59
2018-12-03,20.4,26.87,15.77,75.71,5.35,3.46,20.82
2018-12-04,20.4,25.88,16.64,78.13,9.44,3.86,14.71
2018-12-05,21.06,27.85,16.42,71.18,0.24,4.24,19.75
2018-12-06,20.81,27.38,16.03,72.85,2.05,3.46,20.62
2018-12-07,20.95,27.63,16.58,70.7,0.1,3.85,23.08
2018-12-08,20.11,26.32,15.66,78.07,5.78,3.32,17.41
2018-12-09,20.64,27.43,15.89,75.3,3.34,3.41,19.24
2018-12-10,19.62,23.64,15.84,80.64,12.29,1.06,15.22
2018-12-11,18.37,22.59,15.33,79.81,8.41,1.49,12.44
2018-12-12,19.9,26.56,13.83,72.2,7.37,2.63,19.35
2018-12-13,19.99,25.75,16.16,77.34,2.41,3.9,20.2
2018-12-14,18.6,22.69,16.3,84.1,9.5,3.05,18.61
2018-12-15,18.92,24.11,15.96,83.27,3.2,3.4,18.72
2018-12-16,20.02,26.88,14.72,74.32,0.1,3.13,24.99
2018-12-17,19.92,26.56,15.21,72.55,0.03,3.46,25.25
2018-12-18,20.38,27.41,15.17,70.73,0.13,3.47,23.41
2018-12-19,19.7,25.11,15.5,76.2,1.1,3.22,15.78
2018-12-20,19.58,25.57,14.94,71.0,0.21,2.56,20.53
2018-12-21,20.29,27.09,14.66,69.37,0.47,3.16,22.75
2018-12-22,20.48,27.33,15.62,72.52,0.89,3.58,23.71
2018-12-23,20.21,26.82,15.45,73.81,0.45,3.54,23.15
2018-12-24,20.25,27.36,15.08,71.19,0.05,4.37,24.2
2018-12-25,20.08,27.21,14.83,73.1,0.26,4.47,25.37
2018-12-26,20.16,27.38,14.02,67.89,0.02,4.23,24.55
2018-12-27,19.94,26.62,14.79,71.28,0.49,3.92,23.95
2018-12-28,20.2,27.57,14.7,69.05,0.68,3.38,25.11
2018-12-29,20.25,27.68,13.7,68.41,1.1,3.15,24.19
2018-12-30,20.37,27.72,14.02,70.4,1.13,3.8,25.18
2018-12-31,19.94,26.77,14.69,74.15,2.71,4.04,22.3
2019-01-01,20.62,27.83,15.65,68.21,0.4,3.58,25.33
2019-01-02,20.68,28.79,14.15,64.77,0.06,3.56,25.68
2019-01-03,20.88,28.58,13.94,68.16,0.95,3.92,25.56
2019-01-04,19.77,25.41,16.82,81.77,3.74,4.62,18.27
2019-01-05,20.04,26.62,15.93,77.83,7.96,4.68,17.75
2019-01-06,19.67,24.34,15.62,74.11,0.4,3.62,24.23
2019-01-07,20.78,28.63,14.09,58.01,0.0,3.93,24.9
2019-01-08,19.49,26.12,14.68,67.59,0.86,3.62,16.48
2019-01-09,20.19,27.49,14.43,63.91,0.08,3.61,23.66
2019-01-10,19.28,25.38,14.26,69.98,0.88,4.0,20.38
2019-01-11,20.32,27.28,14.95,69.95,0.26,4.54,23.13
2019-01-12,19.72,26.91,13.27,64.49,0.0,4.48,26.93
2019-01-13,19.75,27.54,12.93,67.98,1.3,4.16,26.51
2019-01-14,20.75,28.11,14.71,68.59,0.29,3.77,22.84
2019-01-15,19.48,25.09,15.49,74.77,0.93,3.33,17.58
2019-01-16,20.42,27.34,15.42,67.59,2.09,3.35,17.85
2019-01-17,20.2,27.15,14.07,63.24,0.0,2.72,24.48
2019-01-18,21.19,29.68,13.91,57.8,0.0,3.15,24.79
2019-01-19,21.33,29.52,14.13,58.14,0.0,3.63,25.59
2019-01-20,22.55,31.05,15.97,49.49,0.0,3.31,25.94
2019-01-21,22.24,29.5,15.75,51.23,0.01,2.78,18.11
2019-01-22,20.98,26.62,15.71,60.37,0.05,3.11,25.28
2019-01-23,21.22,27.61,16.69,64.54,0.12,3.4,22.5
2019-01-24,21.3,29.86,14.28,58.97,0.0,4.08,26.57
2019-01-25,22.25,30.81,14.32,55.47,0.15,4.02,26.78
2019-01-26,22.38,29.46,16.84,58.99,0.1,3.92,24.14
2019-01-27,22.21,30.52,14.7,59.0,0.02,4.27,26.61
2019-01-28,21.75,29.66,14.74,60.56,0.0,4.33,25.33
2019-01-29,21.95,30.64,14.47,57.92,0.01,3.91,27.39
2019-01-30,21.99,31.02,13.78,57.01,0.01,3.75,27.32
2019-01-31,22.88,31.53,15.86,54.64,0.11,3.91,27.07
2019-02-01,22.4,30.7,14.62,54.32,0.01,3.99,26.01
2019-02-02,22.97,31.56,14.9,46.97,0.0,4.23,28.32
2019-02-03,23.47,32.16,15.92,40.83,0.0,4.21,27.89
2019-02-04,23.22,31.62,16.1,46.72,0.03,4.1,27.2
2019-02-05,22.1,29.31,16.31,56.32,0.03,4.92,25.69
2019-02-06,21.6,29.38,14.94,56.92,0.01,4.47,27.64
2019-02-07,22.63,29.63,16.45,59.85,0.15,4.27,26.2
2019-02-08,22.18,28.31,17.34,62.79,0.3,4.21,24.7
2019-02-09,22.24,29.69,16.66,61.1,0.1,4.32,25.83
2019-02-10,21.72,29.25,16.25,60.65,0.29,4.62,27.13
2019-02-11,22.22,31.02,14.6,48.07,0.01,4.39,27.14
2019-02-12,21.99,30.95,14.11,49.32,0.03,4.62,26.55
2019-02-13,21.62,30.19,13.64,55.85,0.05,4.6,25.93
2019-02-14,22.18,29.88,15.08,55.29,0.02,4.19,26.41
2019-02-15,23.12,32.02,15.21,54.24,0.15,3.86,26.39
2019-02-16,22.09,29.22,16.86,62.29,0.8,4.1,20.11
2019-02-17,23.15,31.06,16.39,55.4,0.12,4.38,24.68
2019-02-18,23.65,33.12,14.6,44.22,0.0,3.37,26.91
2019-02-19,23.76,31.16,15.37,49.78,0.1,3.41,26.22
2019-02-20,22.66,30.17,16.74,56.93,0.23,4.53,26.58
2019-02-21,22.21,29.06,16.39,56.9,0.15,4.99,23.12
2019-02-22,22.44,29.61,15.92,59.05,0.54,4.26,23.72
2019-02-23,21.54,28.54,16.3,66.03,0.91,4.0,23.05
2019-02-24,22.28,28.94,17.04,61.11,0.45,3.45,20.07
2019-02-25,21.51,28.05,16.18,64.03,0.51,3.33,24.64
2019-02-26,22.07,30.5,14.8,53.01,0.01,4.0,28.35
2019-02-27,22.47,30.73,14.94,54.14,0.03,4.16,28.69
2019-02-28,23.22,32.27,14.49,50.99,0.0,3.75,28.82
2019-03-01,24.45,34.09,15.01,44.06,0.0,2.58,28.17
2019-03-02,24.99,33.89,15.85,42.84,1.52,2.04,23.48
2019-03-03,25.24,33.86,17.47,45.55,1.7,1.49,24.95
2019-03-04,23.52,29.81,18.32,54.86,0.61,2.19,24.08
2019-03-05,22.74,29.47,17.12,56.34,1.05,3.17,24.32
2019-03-06,23.41,31.56,15.46,48.26,0.0,2.94,26.87
2019-03-07,24.64,32.93,16.78,39.87,0.0,3.21,25.5
2019-03-08,23.56,31.9,15.44,40.57,0.03,3.65,25.74
2019-03-09,23.09,31.17,15.65,44.86,0.01,4.27,27.71
2019-03-10,22.33,30.73,14.35,43.33,0.06,4.43,28.76
2019-03-11,23.11,31.7,15.4,42.76,0.04,3.95,28.35
2019-03-12,23.09,32.1,15.4,43.42,0.0,4.14,28.28
2019-03-13,22.58,32.08,14.08,46.45,0.01,4.32,28.03
2019-03-14,22.37,31.26,14.48,52.15,0.09,4.19,27.43
2019-03-15,22.85,31.53,14.49,50.57,0.06,4.12,27.34
2019-03-16,22.84,30.92,15.41,55.2,0.23,3.98,26.89
2019-03-17,24.03,32.53,16.41,50.55,0.02,3.91,27.56
2019-03-18,23.81,32.26,15.86,47.59,0.01,3.94,27.79
2019-03-19,23.58,32.35,14.87,49.79,0.0,4.05,28.35
2019-03-20,23.74,32.48,16.31,51.76,0.08,4.07,26.96
2019-03-21,24.18,33.23,15.61,47.72,0.0,3.73,27.41
2019-03-22,24.11,32.91,16.05,49.25,0.02,3.85,27.57
2019-03-23,23.19,32.33,15.25,54.26,0.33,4.18,28.2
2019-03-24,23.17,31.86,16.39,52.07,0.29,4.04,24.94
2019-03-25,24.1,33.77,14.16,44.63,0.0,3.06,25.09
2019-03-26,24.5,33.73,15.59,42.06,0.0,3.5,26.97
2019-03-27,23.29,31.47,15.82,48.44,0.91,4.38,22.7
2019-03-28,22.72,30.97,15.68,56.75,1.2,4.13,23.16
2019-03-29,23.63,32.43,15.77,54.39,0.17,3.61,26.0
2019-03-30,23.76,31.94,16.81,52.71,0.19,3.94,26.69
2019-03-31,23.89,32.36,17.27,51.82,0.23,3.68,26.22
2019-04-01,23.6,32.03,17.18,55.41,0.82,3.74,24.92
2019-04-02,23.85,32.29,17.31,53.56,0.16,4.1,26.11
2019-04-03,23.37,32.19,16.87,59.7,0.37,3.72,25.45
2019-04-04,22.58,29.4,17.63,65.52,0.85,4.19,21.47
2019-04-05,22.64,30.51,16.44,64.05,0.18,4.67,23.93
2019-04-06,23.04,30.95,16.83,58.37,0.32,4.44,26.49
2019-04-07,22.86,31.22,15.95,55.18,0.03,4.09,24.57
2019-04-08,23.89,33.15,16.34,54.04,0.08,3.54,26.36
2019-04-09,23.32,30.8,17.54,58.5,0.48,3.6,21.46
2019-04-10,22.64,28.95,17.75,56.05,0.04,3.63,24.5
2019-04-11,22.22,28.96,16.86,64.7,0.47,3.77,22.93
2019-04-12,22.84,30.38,17.31,59.66,0.11,3.95,24.47
2019-04-13,23.1,30.78,16.84,60.36,0.41,3.87,24.53
2019-04-14,23.3,30.74,17.18,56.22,0.13,4.0,21.91
2019-04-15,22.94,31.35,16.21,55.28,0.02,3.97,26.36
2019-04-16,23.34,32.49,16.33,50.41,0.05,3.65,25.91
2019-04-17,22.82,32.52,14.47,46.24,0.03,3.64,25.95
2019-04-18,23.61,32.88,15.89,52.47,0.02,3.47,24.67
2019-04-19,23.92,32.9,17.38,58.69,0.29,3.55,23.1
2019-04-20,24.04,32.5,17.04,58.12,0.57,2.65,24.72
2019-04-21,22.4,28.35,17.89,67.08,0.64,2.17,22.93
2019-04-22,22.62,30.13,16.53,65.94,1.23,2.43,21.14
2019-04-23,23.04,31.0,17.17,65.93,3.03,1.58,18.75
2019-04-24,21.66,26.81,17.98,68.22,2.18,2.36,19.52
2019-04-25,22.25,30.5,16.68,67.8,4.7,2.32,19.21
2019-04-26,21.28,27.94,16.48,78.36,13.43,2.02,17.91
2019-04-27,21.4,26.92,17.68,77.0,3.09,1.16,17.06
2019-04-28,22.73,29.79,17.73,71.29,0.77,2.03,24.47
2019-04-29,22.12,29.3,17.73,72.23,0.45,3.65,22.8
2019-04-30,22.07,29.19,17.27,72.49,0.47,3.87,20.78
2019-05-01,22.25,29.64,17.13,68.69,0.29,3.69,24.71
2019-05-02,22.13,29.81,17.14,67.18,0.23,3.26,22.74
2019-05-03,21.86,29.95,16.7,67.04,0.32,3.05,19.35
2019-05-04,21.46,29.53,15.97,71.16,1.37,3.55,19.14
2019-05-05,20.86,28.48,14.84,72.75,11.03,3.4,20.56
2019-05-06,21.25,28.43,16.27,71.63,1.83,3.3,20.69
2019-05-07,20.92,28.31,16.25,70.02,2.22,3.24,22.53
2019-05-08,20.49,28.22,14.7,69.14,0.46,2.82,21.11
2019-05-09,20.01,26.95,14.31,72.04,1.87,2.23,21.11
2019-05-10,18.66,23.81,14.24,70.77,0.17,3.23,18.18
2019-05-11,18.57,25.62,11.99,66.62,1.07,2.97,20.37
2019-05-12,19.99,27.88,12.97,67.38,0.96,2.76,18.2
2019-05-13,20.23,27.58,14.39,73.17,1.49,2.59,17.82
2019-05-14,20.58,28.54,15.22,68.71,0.75,3.66,16.93
2019-05-15,20.66,27.89,15.43,71.37,0.8,3.53,21.0
2019-05-16,20.76,28.73,14.76,69.9,1.4,3.35,20.25
2019-05-17,20.86,28.39,15.21,72.8,1.17,3.53,21.31
2019-05-18,19.51,26.24,15.08,76.8,2.48,3.82,15.28
2019-05-19,18.61,23.88,14.13,75.55,2.87,2.5,16.05
2019-05-20,19.21,26.73,14.35,73.72,1.0,2.83,18.35
2019-05-21,20.18,28.76,13.09,62.43,0.05,2.87,20.98
2019-05-22,20.28,28.5,14.58,69.7,0.96,2.59,20.35
2019-05-23,19.17,25.86,15.21,77.07,6.18,2.88,18.59
2019-05-24,19.0,26.08,14.71,74.15,2.46,3.11,17.42
2019-05-25,18.68,25.88,13.61,70.78,0.81,3.04,14.74
2019-05-26,19.24,26.18,14.16,71.85,0.69,3.08,14.92
2019-05-27,19.09,25.2,14.67,74.9,0.78,2.61,15.68
2019-05-28,18.97,25.26,13.82,73.95,0.34,2.66,18.23
2019-05-29,19.39,26.37,14.66,69.06,0.28,2.63,16.4
2019-05-30,20.05,28.55,13.25,66.23,0.17,2.13,22.16
2019-05-31,19.93,26.56,15.41,72.59,1.06,1.49,18.19
2019-06-01,20.47,27.21,15.84,74.69,4.6,1.3,19.88
2019-06-02,19.92,25.35,16.72,81.03,10.97,1.82,14.62
2019-06-03,19.08,25.4,14.75,76.18,3.93,1.86,16.4
2019-06-04,19.52,26.25,14.08,75.47,2.02,1.55,12.85
2019-06-05,18.43,23.79,15.62,79.62,4.95,1.7,11.16
2019-06-06,18.43,23.98,14.3,77.45,3.22,1.59,14.48
2019-06-07,19.11,25.37,14.3,77.33,2.54,1.36,15.15
2019-06-08,18.4,23.62,15.14,76.85,1.12,1.94,14.98
2019-06-09,18.0,22.67,14.79,80.93,1.98,2.08,6.99
2019-06-10,18.51,25.64,13.47,70.87,0.23,2.2,10.47
2019-06-11,17.45,23.16,12.63,72.85,0.67,1.79,12.82
2019-06-12,18.35,24.22,13.54,75.28,0.42,2.15,11.37
2019-06-13,19.3,25.96,14.12,72.77,0.35,2.04,17.17
2019-06-14,19.35,24.89,15.05,76.3,0.57,2.16,15.93
2019-06-15,19.17,25.28,15.02,75.08,0.46,1.63,11.69
2019-06-16,19.35,26.04,14.78,70.17,0.28,2.03,16.88
2019-06-17,18.91,25.51,13.49,65.01,0.05,2.14,20.08
2019-06-18,19.2,27.18,12.79,64.91,0.11,2.08,17.07
2019-06-19,19.58,26.57,13.87,71.5,0.39,1.42,19.77
2019-06-20,19.73,26.4,14.87,71.6,0.52,1.75,18.15
2019-06-21,19.27,26.22,14.7,73.97,1.13,1.58,13.27
2019-06-22,18.8,24.89,14.09,72.9,0.65,1.66,18.27
2019-06-23,18.5,23.96,13.84,71.12,0.48,1.39,16.24
2019-06-24,19.69,25.73,14.63,75.04,2.87,0.94,9.84
2019-06-25,18.15,22.26,15.65,82.98,6.2,1.16,14.17
2019-06-26,18.3,23.51,15.09,77.53,1.77,2.18,13.25
2019-06-27,19.1,26.29,13.71,74.42,0.94,1.69,16.55
2019-06-28,19.57,26.53,13.72,72.11,0.63,1.61,15.03
2019-06-29,19.72,27.3,13.61,66.96,1.13,1.75,21.68
2019-06-30,19.65,27.86,12.32,61.74,0.02,2.1,19.34
2019-07-01,20.18,28.16,14.4,65.1,0.19,2.33,18.94
2019-07-02,20.44,27.81,14.38,67.13,0.11,1.94,19.99
2019-07-03,19.6,26.53,14.75,67.85,0.4,2.15,14.12
2019-07-04,19.13,25.93,14.21,63.96,0.2,1.79,19.14
2019-07-05,19.44,27.07,13.1,64.23,0.2,1.75,19.86
2019-07-06,19.45,26.17,14.49,69.26,0.52,2.44,16.38
2019-07-07,19.63,27.74,14.16,66.5,0.09,2.59,16.54
2019-07-08,20.1,28.48,13.75,62.64,0.06,2.47,19.89
2019-07-09,20.42,29.22,13.8,59.81,0.06,2.59,22.48
2019-07-10,20.5,28.25,13.76,63.09,0.27,2.22,18.37
2019-07-11,20.44,28.28,14.82,64.11,0.22,3.5,19.46
2019-07-12,20.64,29.05,14.24,58.93,0.16,2.9,20.94
2019-07-13,19.42,25.83,13.89,62.46,0.32,3.06,18.23
2019-07-14,19.61,26.97,13.71,63.44,0.18,2.98,16.86
2019-07-15,18.95,26.63,13.1,64.78,0.36,3.68,18.21
2019-07-16,18.74,26.63,12.68,61.48,0.14,3.3,15.64
2019-07-17,19.0,26.95,13.28,65.24,0.21,3.61,15.91
2019-07-18,18.88,27.51,11.97,61.34,0.1,3.55,18.57
2019-07-19,19.07,26.44,13.47,67.04,0.29,2.91,19.28
2019-07-20,19.23,26.19,13.44,66.05,0.39,1.81,17.87
2019-07-21,19.79,25.59,14.78,61.61,0.78,2.12,21.25
2019-07-22,19.59,26.66,14.22,57.67,0.04,2.4,16.45
2019-07-23,18.73,25.51,10.72,51.8,0.05,1.97,20.85
2019-07-24,20.31,27.89,12.4,47.4,0.02,2.43,20.6
2019-07-25,19.86,29.1,11.82,52.18,0.15,2.29,22.99
2019-07-26,20.29,28.96,12.62,54.31,0.01,2.57,22.6
2019-07-27,19.93,28.71,12.69,56.53,0.27,2.7,22.39
2019-07-28,19.48,26.68,13.11,58.6,0.33,2.36,19.32
2019-07-29,19.75,26.6,14.48,60.92,1.49,2.02,17.94
2019-07-30,18.39,23.12,14.77,71.86,3.48,1.46,14.15
2019-07-31,18.69,24.92,15.12,75.01,4.11,2.24,13.01
2019-08-01,19.08,25.32,15.15,68.18,1.01,2.54,17.33
2019-08-02,19.67,27.61,13.87,68.77,0.22,3.64,18.65
2019-08-03,18.96,27.85,11.98,62.57,0.03,3.39,22.47
2019-08-04,19.55,28.83,11.97,59.39,0.05,3.09,25.91
2019-08-05,20.87,29.94,13.57,57.12,0.05,2.12,24.88
2019-08-06,21.42,30.54,13.44,55.23,0.03,2.29,24.21
2019-08-07,21.29,28.81,15.26,63.84,0.36,3.41,18.05
2019-08-08,20.29,27.99,15.06,62.88,0.28,3.8,19.86
2019-08-09,20.5,29.72,13.35,55.01,0.01,2.92,23.44
2019-08-10,20.01,29.11,12.76,60.48,0.38,2.83,21.56
2019-08-11,19.55,26.45,13.67,66.06,0.24,3.01,14.75
2019-08-12,18.67,24.17,13.21,59.94,0.13,2.43,22.71
2019-08-13,20.0,29.04,13.12,59.71,0.11,2.82,23.89
2019-08-14,19.43,27.03,13.65,60.4,0.23,2.43,17.17
2019-08-15,18.99,27.0,11.91,55.61,0.09,2.79,18.06
2019-08-16,18.66,26.01,12.42,61.82,0.16,2.75,14.09
2019-08-17,19.85,27.36,13.31,58.88,0.14,2.45,19.17
2019-08-18,19.84,26.72,13.95,63.18,0.45,2.63,18.28
2019-08-19,19.81,27.06,14.49,62.64,0.72,2.77,14.52
2019-08-20,19.54,27.2,13.59,59.97,0.6,2.31,19.19
2019-08-21,19.62,26.92,13.53,62.3,0.29,2.86,17.57
2019-08-22,20.59,28.92,14.14,59.92,0.29,2.96,18.93
2019-08-23,20.7,28.6,14.53,58.39,0.44,3.0,20.34
2019-08-24,19.66,27.7,14.74,66.23,1.62,3.86,14.79
2019-08-25,20.2,28.96,13.15,53.98,0.01,3.58,21.6
2019-08-26,20.7,29.3,14.47,59.48,0.11,3.41,22.17
2019-08-27,21.25,28.97,14.05,57.2,0.26,2.17,23.17
2019-08-28,20.73,27.27,15.26,62.12,1.35,2.22,22.5
2019-08-29,20.51,26.53,15.13,61.65,0.79,2.18,19.53
2019-08-30,20.84,28.25,14.87,64.05,0.77,2.45,20.2
2019-08-31,20.03,25.52,14.82,66.94,0.92,1.54,19.29
2019-09-01,21.08,27.25,15.35,64.33,1.06,1.5,17.22
2019-09-02,21.45,28.52,16.27,61.5,1.05,2.45,22.44
2019-09-03,20.11,27.1,14.98,63.46,0.34,2.74,19.29
2019-09-04,21.23,29.11,14.32,59.11,0.18,2.7,18.72
2019-09-05,19.17,25.11,14.24,59.79,0.21,2.86,18.9
2019-09-06,20.35,27.27,14.14,62.52,0.24,2.31,21.96
2019-09-07,19.54,25.44,15.67,62.3,0.74,2.94,12.06
2019-09-08,19.5,26.88,14.1,61.63,0.36,3.07,11.97
2019-09-09,20.37,29.02,13.83,57.08,0.07,4.23,18.0
2019-09-10,20.24,28.74,14.13,69.18,1.36,3.9,17.57
2019-09-11,20.91,30.08,14.27,60.32,0.12,3.61,23.01
2019-09-12,21.27,30.64,14.57,57.24,0.09,3.5,23.98
2019-09-13,21.92,31.41,15.33,55.97,0.09,3.67,27.06
2019-09-14,22.19,31.81,15.13,55.94,0.13,3.5,26.65
2019-09-15,22.02,31.23,15.29,55.74,0.13,3.51,26.21
2019-09-16,21.51,30.67,15.1,57.9,0.06,3.87,26.39
2019-09-17,21.05,30.7,13.21,50.33,0.06,3.56,26.88
2019-09-18,21.42,30.59,14.6,54.1,0.05,3.26,24.95
2019-09-19,20.94,30.5,14.17,52.04,0.06,3.87,28.13
2019-09-20,20.68,30.3,13.12,51.22,0.02,3.65,25.27
2019-09-21,21.34,30.0,13.63,55.6,0.03,3.27,24.32
2019-09-22,21.03,27.96,14.31,58.8,0.46,2.87,23.31
2019-09-23,20.5,27.36,14.73,56.48,0.96,2.48,23.73
2019-09-24,20.98,27.95,15.07,61.27,0.67,2.66,21.55
2019-09-25,20.85,26.66,14.66,59.61,0.64,2.31,19.06
2019-09-26,20.88,28.07,16.0,67.97,2.17,4.32,17.41
2019-09-27,20.53,28.19,14.73,62.36,0.54,4.09,16.19
2019-09-28,22.12,31.08,14.77,51.83,0.12,3.22,25.02
2019-09-29,22.09,30.73,14.02,50.03,0.09,3.32,26.78
2019-09-30,22.28,32.07,14.66,55.75,0.4,3.46,26.21
2019-10-01,21.89,29.24,16.27,64.5,2.22,3.75,23.73
2019-10-02,21.67,29.16,16.15,63.16,1.75,4.26,23.79
2019-10-03,20.1,28.41,15.31,67.31,2.45,4.92,22.6
2019-10-04,20.18,27.89,14.71,64.01,1.01,4.1,19.07
2019-10-05,19.64,27.46,13.7,71.49,4.68,4.12,17.61
2019-10-06,18.88,26.01,13.54,69.25,1.07,3.98,16.42
2019-10-07,19.57,27.24,12.7,59.9,0.24,3.57,24.39
2019-10-08,20.41,28.18,13.86,64.32,2.75,3.73,25.12
2019-10-09,20.46,28.22,14.65,70.86,6.87,4.32,20.84
2019-10-10,19.94,27.16,15.21,72.78,4.56,4.81,19.28
2019-10-11,19.92,26.85,14.99,72.25,4.45,4.61,17.42
2019-10-12,19.83,27.38,14.43,71.76,12.4,4.27,17.0
2019-10-13,19.94,26.78,15.17,75.43,6.36,4.05,17.32
2019-10-14,20.06,27.42,14.79,74.89,4.25,3.64,16.15
2019-10-15,19.32,26.76,14.08,62.62,0.12,3.05,20.57
2019-10-16,19.77,26.93,12.99,69.81,1.8,3.12,24.85
2019-10-17,20.09,27.13,15.42,75.49,3.17,3.6,16.85
2019-10-18,19.59,26.33,14.65,75.72,5.68,3.47,18.28
2019-10-19,19.8,26.67,14.74,75.48,2.06,3.57,17.33
2019-10-20,20.13,27.78,15.23,69.46,0.68,3.51,21.92
2019-10-21,20.83,28.49,15.29,71.25,0.85,3.02,24.52
2019-10-22,21.1,29.1,15.53,69.27,1.95,3.26,24.12
2019-10-23,20.97,27.92,16.44,71.9,2.66,3.86,21.09
2019-10-24,20.01,27.37,15.4,69.79,2.71,4.3,21.74
2019-10-25,19.78,26.88,15.05,71.61,26.11,3.97,20.96
2019-10-26,19.65,26.2,15.74,75.92,10.05,3.51,15.17
2019-10-27,20.1,27.29,15.42,73.29,3.4,3.5,23.35
2019-10-28,19.58,26.54,14.06,75.03,9.27,2.57,22.9
2019-10-29,19.88,25.95,15.73,78.88,3.58,3.05,22.34
2019-10-30,19.8,24.91,15.88,80.65,7.04,3.35,17.48
2019-10-31,19.79,26.24,14.72,74.11,1.0,2.94,23.2
2019-11-01,19.92,27.22,14.92,71.99,0.43,2.53,22.76
2019-11-02,19.7,27.56,14.04,69.84,0.18,2.68,24.47
2019-11-03,20.04,27.39,14.88,70.63,0.28,2.82,22.18
2019-11-04,20.16,27.66,14.95,68.7,0.35,3.18,23.58
2019-11-05,20.55,28.23,14.93,67.67,0.19,3.05,25.25
2019-11-06,20.89,28.8,14.43,67.17,0.75,2.76,24.16
2019-11-07,20.61,28.2,14.88,72.22,1.99,3.38,21.58
2019-11-08,20.7,28.15,15.55,66.38,0.22,3.55,20.87
2019-11-09,19.97,26.17,15.12,74.41,0.87,3.22,22.08
2019-11-10,20.85,27.82,15.49,73.61,1.92,3.77,21.48
2019-11-11,20.43,27.38,15.76,76.59,2.46,3.71,19.06
2019-11-12,19.78,25.34,16.33,81.43,3.66,3.61,17.75
2019-11-13,19.93,26.73,16.57,81.08,4.16,2.93,14.68
2019-11-14,18.65,21.26,16.5,86.27,5.41,3.01,17.77
2019-11-15,20.46,26.97,16.48,76.43,2.97,3.54,22.01
2019-11-16,20.5,26.72,16.62,77.51,0.8,4.25,24.72
2019-11-17,19.57,25.02,15.88,79.83,2.65,4.23,23.79
2019-11-18,20.19,26.6,16.23,79.04,6.57,4.28,20.08
2019-11-19,19.78,25.45,15.96,78.35,3.7,4.68,20.37
2019-11-20,19.61,25.9,15.44,77.74,2.41,3.13,21.59
2019-11-21,20.59,27.69,15.5,74.88,1.71,2.38,21.94
2019-11-22,19.81,24.34,15.9,79.76,3.51,2.94,22.06
2019-11-23,19.03,23.9,16.27,84.92,4.78,3.67,14.38
2019-11-24,19.77,25.63,15.76,80.94,7.33,2.22,16.93
2019-11-25,18.9,23.35,15.59,80.05,7.51,1.8,15.45
2019-11-26,19.33,24.66,15.78,80.79,5.16,1.28,17.66
2019-11-27,19.84,25.55,16.31,80.68,2.11,3.45,22.58
2019-11-28,19.85,26.31,15.49,75.38,0.25,3.66,23.03
2019-11-29,20.33,26.88,15.7,77.05,1.57,2.64,19.04
2019-11-30,19.82,25.04,16.06,81.48,7.77,3.01,16.91
2019-12-01,19.52,25.21,16.09,83.94,13.99,3.53,15.9
2019-12-02,19.33,25.49,14.68,80.02,7.81,2.77,16.97
2019-12-03,19.71,25.41,16.07,83.29,6.43,2.75,16.53
2019-12-04,19.67,25.08,15.72,78.15,1.18,2.13,18.69
2019-12-05,19.78,26.03,14.94,78.85,1.33,2.35,17.14
2019-12-06,19.96,25.85,15.76,81.57,3.95,2.71,22.05
2019-12-07,19.8,25.4,16.04,83.37,3.36,2.79,16.43
2019-12-08,20.27,25.54,16.47,79.84,2.29,2.2,15.01
2019-12-09,19.67,24.55,16.54,84.04,4.21,2.14,12.76
2019-12-10,19.99,25.06,16.71,83.92,11.05,3.34,15.05
2019-12-11,19.39,24.19,16.15,82.56,1.65,3.66,21.13
2019-12-12,19.43,25.15,15.07,79.38,2.99,3.14,20.52
2019-12-13,18.95,23.55,15.67,82.63,3.48,3.14,21.77
2019-12-14,18.95,23.78,15.55,83.06,2.96,3.01,21.7
2019-12-15,19.02,24.52,15.17,82.45,7.42,3.18,22.05
2019-12-16,19.47,24.97,15.49,80.51,1.69,3.02,24.26
2019-12-17,19.45,24.25,15.87,81.62,0.38,2.76,22.14
2019-12-18,19.77,25.26,16.47,81.7,0.36,3.67,23.42
2019-12-19,19.0,25.41,14.53,73.63,0.0,4.07,26.66
2019-12-20,19.76,27.29,13.1,73.22,2.54,3.39,25.97
2019-12-21,19.25,24.03,16.01,84.14,2.64,3.35,18.11
2019-12-22,19.71,25.17,16.22,79.94,0.46,3.02,19.43
2019-12-23,20.0,25.96,15.98,79.92,2.56,2.46,18.48
2019-12-24,20.17,25.23,16.62,80.02,2.44,2.52,19.65
2019-12-25,20.21,25.87,16.87,80.79,2.69,2.88,21.07
2019-12-26,20.56,26.39,16.72,79.51,1.15,2.2,16.39
2019-12-27,20.9,27.1,16.03,77.18,0.76,1.53,20.95
2019-12-28,20.98,27.05,16.48,78.19,2.76,1.63,17.32
2019-12-29,20.25,26.02,16.63,79.51,1.38,2.99,19.73
2019-12-30,20.16,26.54,15.47,76.2,0.1,3.68,23.1
2019-12-31,19.86,26.37,15.32,78.21,1.35,3.65,25.64
2020-01-01,20.0,27.17,14.07,70.8,0.04,3.81,26.76
2020-01-02,19.58,25.65,15.73,79.03,1.01,4.19,25.5
2020-01-03,19.87,25.96,15.82,78.48,0.67,4.39,23.61
2020-01-04,19.28,24.9,15.46,78.37,0.12,3.98,23.16
2020-01-05,19.22,25.3,14.87,74.71,0.38,2.97,23.51
2020-01-06,20.02,27.37,13.98,73.43,0.93,3.06,23.13
2020-01-07,19.77,24.88,16.49,81.17,2.01,4.05,20.53
2020-01-08,19.88,25.47,16.49,78.21,4.44,4.22,15.11
2020-01-09,19.68,24.83,16.27,80.67,2.16,3.1,22.07
2020-01-10,20.65,28.02,16.05,73.52,0.85,3.14,23.46
2020-01-11,20.46,27.65,15.77,66.97,0.17,2.63,23.25
2020-01-12,20.38,28.18,14.73,69.13,0.23,1.28,21.91
2020-01-13,19.69,24.85,16.17,79.1,13.62,1.64,14.77
2020-01-14,20.03,26.43,15.52,76.92,8.22,3.25,22.21
2020-01-15,20.31,26.34,16.45,77.73,2.18,3.49,24.43
2020-01-16,20.43,26.74,16.4,76.3,1.29,2.98,22.08
2020-01-17,19.5,23.71,16.47,79.89,2.13,2.15,20.8
2020-01-18,20.77,27.51,16.74,72.67,3.84,1.87,21.84
2020-01-19,20.8,27.28,16.63,69.85,0.35,1.97,21.35
2020-01-20,21.56,29.75,14.22,66.78,0.13,2.12,25.08
2020-01-21,22.18,29.85,14.92,62.2,0.06,1.73,21.27
2020-01-22,22.17,29.23,16.12,63.59,0.02,2.23,22.78
2020-01-23,19.88,23.52,17.23,74.09,0.48,2.17,18.19
2020-01-24,20.34,26.36,16.95,76.27,1.05,2.59,11.59
2020-01-25,19.6,24.32,16.9,85.94,4.56,3.37,17.22
2020-01-26,19.84,25.05,16.84,79.64,8.59,3.56,16.8
2020-01-27,20.15,26.18,16.09,79.49,4.47,3.77,17.97
2020-01-28,19.15,24.32,15.9,82.02,11.6,4.07,16.73
2020-01-29,19.27,24.65,15.4,81.87,3.86,3.18,19.24
2020-01-30,19.78,25.41,16.36,79.44,2.38,2.98,19.15
2020-01-31,19.76,24.83,15.72,81.48,7.5,1.97,22.59
2020-02-01,19.06,24.08,15.85,82.58,9.54,1.67,14.99
2020-02-02,19.01,24.33,15.01,82.57,3.59,1.4,16.82
2020-02-03,19.98,25.15,16.36,78.86,2.21,1.91,24.5
2020-02-04,19.67,26.2,15.49,77.69,0.38,2.68,24.14
2020-02-05,18.99,23.46,14.35,78.36,0.42,3.1,26.07
2020-02-06,19.8,26.9,14.36,71.43,0.09,3.41,24.17
2020-02-07,19.96,27.28,14.23,69.74,0.01,3.85,28.07
2020-02-08,19.47,27.28,13.37,73.29,0.34,3.78,27.07
2020-02-09,19.94,27.69,13.82,71.4,0.11,3.28,27.75
2020-02-10,20.09,28.94,12.06,61.83,0.0,2.57,28.41
2020-02-11,21.47,30.75,13.69,56.81,0.0,1.68,28.08
2020-02-12,21.74,29.91,13.89,62.92,0.04,2.04,26.66
2020-02-13,20.63,26.91,16.46,76.09,2.05,4.33,23.8
2020-02-14,20.37,27.27,15.83,74.19,0.51,4.96,21.94
2020-02-15,19.72,25.81,15.55,80.3,4.51,4.36,23.59
2020-02-16,20.26,26.96,15.39,75.91,1.5,4.01,17.76
2020-02-17,21.28,28.53,15.84,72.96,0.4,3.61,26.2
2020-02-18,21.5,28.77,16.12,72.94,0.84,3.56,25.22
2020-02-19,21.61,28.89,16.52,71.64,1.16,3.72,24.08
2020-02-20,22.32,29.78,16.91,68.08,0.33,3.56,27.06
2020-02-21,21.87,29.97,15.85,67.79,0.26,3.6,24.71
2020-02-22,21.2,27.98,16.14,72.55,0.49,4.02,23.78
2020-02-23,21.06,28.59,15.47,74.89,0.55,4.41,21.93
2020-02-24,21.61,28.95,15.88,68.44,0.09,3.81,24.38
2020-02-25,22.18,29.92,15.44,65.62,0.57,2.72,19.13
2020-02-26,21.02,27.19,15.74,73.4,4.53,3.4,19.15
2020-02-27,20.84,26.24,17.52,77.28,1.13,3.98,21.71
2020-02-28,21.79,29.59,15.99,67.75,0.22,3.42,23.88
2020-02-29,22.8,31.55,15.48,62.6,0.08,1.84,22.17
2020-03-01,20.32,24.37,17.92,80.0,6.86,1.76,20.17
2020-03-02,21.36,27.46,16.27,75.23,13.12,0.88,15.33
2020-03-03,22.08,28.81,17.88,72.64,1.86,1.1,19.8
2020-03-04,20.2,25.77,16.42,77.78,5.22,2.16,19.33
2020-03-05,20.93,28.46,15.27,69.41,8.53,1.45,23.99
2020-03-06,22.33,30.24,15.86,66.95,1.4,1.84,26.96
2020-03-07,22.36,29.85,17.15,69.42,1.62,1.56,26.88
2020-03-08,20.84,26.33,17.89,80.69,2.78,2.9,21.19
2020-03-09,21.66,28.14,16.84,76.7,5.66,1.9,18.94
2020-03-10,22.26,30.05,17.08,71.91,0.88,1.68,21.85
2020-03-11,21.75,28.08,17.48,76.55,0.53,2.82,22.61
2020-03-12,21.23,26.86,17.41,76.27,1.16,3.81,20.17
2020-03-13,21.82,29.03,17.02,75.82,2.02,3.81,22.17
2020-03-14,21.85,28.09,17.75,74.6,4.05,3.06,22.65
2020-03-15,22.42,30.63,16.07,65.78,0.03,3.23,27.08
2020-03-16,22.42,29.88,16.95,69.67,0.25,3.06,25.54
2020-03-17,21.58,27.87,17.27,74.41,1.37,3.52,21.65
2020-03-18,21.34,28.5,16.58,71.95,1.49,3.32,22.57
2020-03-19,21.13,28.54,16.06,71.83,1.77,3.35,21.67
2020-03-20,20.54,26.53,16.09,75.49,1.59,3.53,23.37
2020-03-21,21.61,29.31,16.31,65.17,0.31,3.99,25.67
2020-03-22,21.32,29.34,15.58,65.33,0.22,3.47,26.91
2020-03-23,20.94,28.09,15.43,68.62,0.0,3.18,25.38
2020-03-24,21.11,28.92,16.01,70.69,0.16,2.88,22.61
2020-03-25,20.53,26.34,16.06,75.45,1.32,2.04,23.61
2020-03-26,20.48,25.77,17.31,79.7,9.77,1.46,23.43
2020-03-27,18.55,22.82,15.35,85.71,12.14,1.91,15.02
2020-03-28,20.71,28.47,15.4,74.05,7.88,2.3,15.06
2020-03-29,19.08,22.85,16.17,83.4,10.14,2.0,21.14
2020-03-30,20.81,28.51,15.21,74.22,0.68,2.69,23.6
2020-03-31,20.1,25.03,16.94,81.0,1.96,2.6,23.3
2020-04-01,20.21,25.28,16.64,82.08,0.81,3.07,25.45
2020-04-02,21.36,28.37,16.81,75.46,1.13,3.35,24.9
2020-04-03,21.26,28.07,16.64,76.13,3.87,3.93,24.02
2020-04-04,21.49,28.69,16.62,72.51,0.05,3.55,22.64
2020-04-05,21.23,28.04,16.33,74.28,1.14,3.59,22.4
2020-04-06,21.05,27.22,17.28,76.97,2.59,3.55,22.37
2020-04-07,21.02,27.26,16.81,75.94,0.52,4.06,20.84
2020-04-08,21.02,28.32,15.94,73.88,0.61,3.62,26.19
2020-04-09,21.15,28.49,15.95,70.9,0.61,3.57,23.79
2020-04-10,20.99,28.39,14.86,70.99,0.2,3.34,22.79
2020-04-11,21.3,28.63,15.71,71.7,0.96,2.61,24.18
2020-04-12,21.55,29.41,15.94,72.89,1.65,2.74,21.78
2020-04-13,20.45,26.72,16.65,78.72,1.29,3.02,18.44
2020-04-14,21.12,27.7,16.48,75.28,1.83,2.12,19.64
2020-04-15,21.89,29.45,16.37,70.97,6.68,2.74,23.11
2020-04-16,20.84,27.51,16.25,73.7,13.79,2.68,24.25
2020-04-17,20.87,28.14,15.98,75.22,31.77,1.83,20.15
2020-04-18,18.88,23.24,16.27,86.33,19.76,2.05,18.28
2020-04-19,19.21,23.89,15.3,83.3,6.38,0.79,14.09
2020-04-20,18.45,22.24,16.43,87.62,15.32,1.51,15.64
2020-04-21,19.02,23.59,15.85,85.42,14.37,1.76,14.48
2020-04-22,18.76,23.59,15.59,85.35,12.75,1.66,15.08
2020-04-23,18.0,21.39,15.21,89.84,15.51,1.56,10.28
2020-04-24,19.21,23.42,16.42,87.89,19.06,1.44,20.44
2020-04-25,18.37,21.33,16.13,87.65,9.67,1.72,15.4
2020-04-26,18.75,24.51,14.26,82.15,2.61,1.93,16.15
2020-04-27,18.19,23.9,14.61,83.21,3.59,2.7,19.6
2020-04-28,17.98,23.01,14.52,85.69,8.25,2.56,19.51
2020-04-29,18.13,22.95,14.31,85.83,11.83,2.38,19.51
2020-04-30,17.72,21.98,14.18,86.65,5.29,2.2,17.44
2020-05-01,18.4,23.15,14.76,86.01,0.39,2.44,20.0
2020-05-02,17.53,23.7,13.1,80.28,1.49,2.02,16.67
2020-05-03,18.2,24.33,13.33,79.52,1.39,1.31,19.8
2020-05-04,19.06,25.37,14.0,81.67,0.74,1.71,22.22
2020-05-05,19.43,24.99,14.37,84.23,1.15,2.05,20.47
2020-05-06,17.91,22.85,13.73,84.94,3.36,3.04,19.82
2020-05-07,17.94,23.23,13.79,83.18,0.69,3.01,18.67
2020-05-08,17.3,21.76,12.69,84.85,0.77,2.38,14.28
2020-05-09,18.3,23.74,14.3,85.29,2.09,2.3,16.88
2020-05-10,17.61,22.2,13.77,86.38,5.32,2.38,15.73
2020-05-11,18.28,23.77,13.69,84.8,1.98,2.73,15.44
2020-05-12,18.52,23.76,14.15,84.33,1.62,2.17,19.58
2020-05-13,18.8,24.17,14.86,83.84,1.42,2.47,22.73
2020-05-14,19.6,25.55,15.2,80.2,0.96,1.41,23.72
2020-05-15,19.33,24.39,15.44,85.1,3.68,2.19,19.72
2020-05-16,17.79,23.36,13.49,83.84,0.8,1.6,15.34
2020-05-17,17.82,24.81,12.3,80.09,0.06,1.7,16.31
2020-05-18,17.74,24.94,12.15,75.27,0.12,1.44,21.91
2020-05-19,18.51,24.98,12.14,73.32,0.63,1.84,23.66
2020-05-20,18.84,24.6,14.24,80.64,0.53,2.43,20.24
2020-05-21,18.85,24.91,14.9,82.16,0.32,2.64,14.6
2020-05-22,18.58,24.64,14.35,77.0,0.14,2.4,19.85
2020-05-23,18.56,25.15,12.96,76.08,0.04,1.61,20.03
2020-05-24,19.3,25.88,14.12,76.26,0.14,1.51,18.86
2020-05-25,18.98,26.28,12.24,74.54,0.08,2.35,21.89
2020-05-26,19.78,27.02,14.37,75.28,0.39,2.36,22.79
2020-05-27,19.95,26.94,14.65,74.81,0.29,1.91,22.35
2020-05-28,19.82,27.1,13.9,72.61,0.36,2.26,23.01
2020-05-29,19.74,26.47,14.86,74.7,0.86,2.63,20.56
2020-05-30,19.15,27.44,13.53,67.46,0.17,2.22,24.78
2020-05-31,19.0,27.07,12.86,70.59,0.09,2.3,24.82
2020-06-01,19.39,26.81,13.48,71.66,0.1,2.0,19.39
2020-06-02,18.92,26.16,13.17,74.01,0.2,2.68,22.3
2020-06-03,18.88,25.61,13.53,74.06,0.16,2.47,18.76
2020-06-04,19.61,26.9,14.48,68.21,0.2,2.27,22.93
2020-06-05,19.17,27.87,12.82,68.33,0.01,1.49,22.63
2020-06-06,19.86,27.39,13.78,69.95,0.09,1.43,22.11
2020-06-07,19.35,26.17,14.62,75.91,2.49,1.75,21.14
2020-06-08,18.44,24.64,14.61,78.09,2.88,2.77,9.07
2020-06-09,18.02,25.01,13.04,69.34,0.21,2.42,17.8
2020-06-10,18.09,24.82,13.25,75.49,0.49,2.18,7.17
2020-06-11,18.59,25.93,13.16,75.75,2.66,1.25,18.79
2020-06-12,18.65,24.52,14.45,77.87,5.08,1.66,16.17
2020-06-13,18.01,23.28,14.49,79.95,3.41,1.7,14.89
2020-06-14,17.33,21.98,14.16,79.46,3.88,2.13,11.9
2020-06-15,17.48,23.32,12.34,77.17,1.59,1.32,10.16
2020-06-16,17.95,23.6,13.09,75.28,0.32,1.83,13.82
2020-06-17,17.71,24.55,13.32,72.37,0.14,2.19,14.62
2020-06-18,18.02,24.84,12.38,71.04,0.09,1.49,17.0
2020-06-19,18.51,25.51,12.49,74.33,0.17,1.55,17.1
2020-06-20,18.64,24.48,14.12,76.4,3.6,1.9,16.43
2020-06-21,17.18,21.01,14.52,81.95,10.64,1.72,16.21
2020-06-22,18.17,23.84,13.89,78.68,4.44,1.42,15.4
2020-06-23,18.83,24.94,14.56,75.53,0.41,1.8,15.55
2020-06-24,18.92,25.82,13.99,76.64,3.36,2.48,17.65
2020-06-25,18.96,25.71,13.69,73.35,0.45,2.06,18.6
2020-06-26,18.31,25.11,13.08,74.67,0.81,2.33,21.19
2020-06-27,18.68,26.89,13.19,70.05,0.48,2.41,18.83
2020-06-28,18.69,26.82,12.38,68.69,0.24,2.34,21.78
2020-06-29,18.93,27.16,12.92,61.66,0.22,2.95,22.08
2020-06-30,18.1,26.88,10.44,64.83,0.01,2.22,24.43
2020-07-01,18.68,25.99,13.28,73.09,0.22,2.37,14.61
2020-07-02,18.3,24.72,13.35,72.43,0.11,2.29,14.76
2020-07-03,17.64,23.53,13.27,72.87,0.24,2.08,14.62
2020-07-04,17.23,23.05,11.94,72.91,0.07,1.73,19.33
2020-07-05,17.62,24.91,11.9,73.17,0.22,1.87,15.07
2020-07-06,17.91,24.53,13.52,74.08,0.73,1.56,14.43
2020-07-07,17.79,25.13,12.07,71.38,0.24,2.25,14.06
2020-07-08,18.69,27.04,12.39,67.64,0.04,2.23,15.84
2020-07-09,18.33,25.83,12.54,73.63,0.69,3.53,19.95
2020-07-10,18.36,26.42,12.77,64.68,0.17,3.37,15.46
2020-07-11,18.7,27.23,12.06,67.07,0.1,2.6,22.66
2020-07-12,19.52,27.3,13.6,67.15,0.07,1.84,22.59
2020-07-13,18.27,24.77,14.15,75.22,2.15,1.82,14.99
2020-07-14,17.14,23.06,13.34,71.66,0.51,1.76,15.88
2020-07-15,18.47,25.69,13.18,73.46,0.4,2.57,14.09
2020-07-16,17.97,24.94,12.84,71.35,0.53,3.31,12.61
2020-07-17,16.68,25.1,9.29,61.95,0.01,2.7,15.6
2020-07-18,15.26,22.27,8.97,63.73,0.14,2.46,13.72
2020-07-19,17.33,24.16,11.16,67.36,0.05,1.89,16.61
2020-07-20,17.72,24.68,12.37,66.3,0.28,2.11,13.3
2020-07-21,16.66,22.12,12.19,72.52,1.11,1.94,15.65
2020-07-22,18.28,25.34,11.89,68.58,0.26,2.29,17.0
2020-07-23,18.78,26.65,12.3,68.03,0.18,2.5,19.96
2020-07-24,18.36,26.26,13.25,68.67,0.4,2.59,16.04
2020-07-25,18.69,26.91,11.47,60.26,0.01,2.55,21.25
2020-07-26,18.65,27.23,11.84,62.62,0.05,2.01,18.78
2020-07-27,18.59,25.37,13.26,67.75,0.43,1.73,15.52
2020-07-28,18.9,25.05,13.9,66.83,0.55,2.35,10.25
2020-07-29,19.67,27.64,13.16,61.16,0.06,2.35,15.38
2020-07-30,19.71,28.27,12.83,62.85,0.06,3.03,19.12
2020-07-31,20.06,28.02,13.43,64.57,0.4,2.8,19.27
2020-08-01,19.76,27.53,13.42,61.79,0.16,3.15,18.48
2020-08-02,18.4,27.32,12.29,58.01,0.02,3.2,22.04
2020-08-03,18.39,27.02,10.31,58.44,0.03,3.72,22.91
2020-08-04,19.72,28.79,12.76,54.52,0.04,2.6,19.58
2020-08-05,20.26,29.1,12.71,60.13,0.1,2.44,20.7
2020-08-06,21.21,29.06,14.67,59.52,0.19,2.04,24.04
2020-08-07,20.71,28.31,14.23,61.11,0.87,2.32,17.86
2020-08-08,19.29,25.46,14.17,60.05,0.18,2.63,20.64
2020-08-09,19.39,26.29,12.61,60.78,0.04,2.4,16.84
2020-08-10,20.04,27.85,13.24,61.15,0.11,2.48,21.4
2020-08-11,20.38,27.95,13.52,61.27,1.19,2.13,21.59
2020-08-12,19.45,26.45,15.37,67.92,1.71,1.92,18.28
2020-08-13,20.35,28.16,14.21,66.79,0.53,1.96,17.91
2020-08-14,19.86,26.18,14.68,67.92,0.85,1.75,17.81
2020-08-15,20.05,26.04,15.01,63.16,0.4,2.14,19.86
2020-08-16,19.63,27.59,13.27,61.88,0.15,2.83,17.29
2020-08-17,19.95,28.63,13.96,62.95,0.11,3.43,17.63
2020-08-18,20.6,30.02,12.93,53.71,0.04,2.97,17.74
2020-08-19,20.49,28.71,14.4,64.53,0.67,3.45,12.7
2020-08-20,19.95,27.85,13.92,64.13,0.67,3.67,18.05
2020-08-21,19.7,27.15,14.21,64.47,0.29,3.38,13.26
2020-08-22,18.81,25.34,13.41,65.11,0.75,3.19,13.31
2020-08-23,18.5,26.04,12.31,64.98,1.24,3.38,12.17
2020-08-24,18.8,25.47,13.93,67.2,1.36,3.37,11.38
2020-08-25,19.6,28.15,12.66,60.67,0.12,3.46,20.09
2020-08-26,20.24,28.8,13.37,61.29,0.2,3.47,19.93
2020-08-27,20.59,28.92,13.87,60.74,0.34,3.07,24.13
2020-08-28,20.84,28.91,14.07,58.14,0.74,2.41,23.14
2020-08-29,20.33,28.79,13.74,56.62,0.11,2.39,23.55
2020-08-30,20.61,28.89,13.26,54.37,0.09,2.76,26.19
2020-08-31,20.82,30.26,13.15,55.71,0.19,3.16,25.54
2020-09-01,20.6,29.92,14.17,50.47,0.19,2.86,25.58
2020-09-02,19.37,29.19,11.79,52.2,0.16,3.4,25.6
2020-09-03,19.9,28.09,13.08,57.94,0.45,2.4,18.87
2020-09-04,19.74,26.48,14.35,61.82,2.68,2.07,22.04
2020-09-05,19.23,24.67,15.49,71.03,6.05,2.04,18.23
2020-09-06,17.55,22.13,14.82,77.99,4.79,2.61,10.3
2020-09-07,17.43,22.42,13.83,73.47,1.23,2.69,5.64
2020-09-08,17.87,23.99,12.12,67.81,0.28,2.51,10.7
2020-09-09,18.63,26.17,12.15,66.0,0.28,2.32,14.34
2020-09-10,19.25,27.5,12.58,64.13,0.15,2.69,18.6
2020-09-11,19.58,27.26,13.74,62.7,0.12,3.08,15.32
2020-09-12,19.26,25.91,13.93,60.48,0.14,2.9,18.54
2020-09-13,20.17,29.16,11.95,55.72,0.09,2.95,25.91
2020-09-14,20.6,30.08,12.77,57.12,0.04,3.61,25.75
2020-09-15,21.29,30.2,14.12,58.48,0.2,3.37,25.52
2020-09-16,22.24,31.87,14.75,52.25,0.12,3.0,26.31
2020-09-17,21.56,31.65,13.61,50.68,0.12,3.24,26.72
2020-09-18,21.26,30.77,14.14,54.81,0.27,3.55,26.53
2020-09-19,21.71,30.4,15.03,60.96,0.41,3.4,18.67
2020-09-20,21.18,30.04,14.26,57.83,0.22,3.1,19.32
2020-09-21,21.29,31.07,13.82,56.97,0.13,3.31,24.34
2020-09-22,21.47,30.26,14.49,52.77,0.11,2.96,24.0
2020-09-23,20.63,30.02,13.68,63.18,2.66,3.76,24.87
2020-09-24,20.32,27.51,15.21,67.61,4.04,3.07,21.0
2020-09-25,19.14,25.62,14.76,73.32,8.37,2.94,15.86
2020-09-26,19.76,27.43,14.14,69.31,4.26,2.37,20.44
2020-09-27,20.67,29.39,14.72,64.54,1.31,3.3,24.37
2020-09-28,20.98,28.83,15.08,66.5,0.55,3.35,25.29
2020-09-29,21.74,30.24,15.85,64.7,0.33,3.57,26.15
2020-09-30,21.28,29.53,14.88,63.34,0.14,3.03,22.08
2020-10-01,21.31,29.89,14.75,59.21,0.14,3.63,23.26
2020-10-02,21.08,29.94,15.02,60.99,0.41,4.02,23.1
2020-10-03,21.06,30.27,13.77,56.99,0.12,3.96,25.69
2020-10-04,21.57,31.07,14.09,52.56,0.14,3.73,26.76
2020-10-05,22.21,31.62,13.7,49.34,0.04,3.24,27.64
2020-10-06,22.63,32.1,14.36,46.05,0.11,2.76,24.72
2020-10-07,22.17,31.25,13.67,46.08,0.0,3.52,27.79
2020-10-08,22.32,31.46,13.79,50.63,0.02,3.4,26.93
2020-10-09,22.64,31.66,14.68,52.31,0.19,3.38,24.54
2020-10-10,22.93,30.75,16.65,57.92,3.09,2.62,24.49
2020-10-11,22.42,29.97,15.9,52.66,1.5,2.55,20.2
2020-10-12,22.11,29.99,15.0,51.19,0.18,2.85,24.76
2020-10-13,21.87,29.47,14.61,55.27,0.25,3.16,23.96
2020-10-14,22.44,30.81,16.11,57.47,0.28,4.06,19.57
2020-10-15,22.25,30.85,14.5,53.49,0.03,3.98,25.22
2020-10-16,21.85,29.29,15.98,61.3,2.13,3.02,22.4
2020-10-17,21.54,29.01,15.22,55.62,0.39,3.17,19.21
2020-10-18,20.92,28.26,15.21,61.9,1.18,3.23,16.74
2020-10-19,20.67,28.09,15.1,65.67,1.7,2.89,17.21
2020-10-20,20.84,28.21,14.89,64.34,0.85,3.7,15.66
2020-10-21,21.01,29.33,14.44,56.2,0.24,3.86,16.07
2020-10-22,21.39,30.59,14.03,56.49,0.12,3.59,22.83
2020-10-23,22.21,30.88,14.9,55.18,0.16,3.59,24.24
2020-10-24,21.95,30.36,14.83,58.38,0.2,3.34,23.91
2020-10-25,20.71,27.74,15.68,67.21,4.08,3.56,16.25
2020-10-26,19.93,26.56,15.34,67.79,3.51,3.34,9.44
2020-10-27,20.14,27.47,15.03,65.85,4.02,3.38,12.74
2020-10-28,19.96,26.52,15.68,76.29,20.81,4.05,17.84
2020-10-29,18.94,25.15,13.89,68.56,15.69,4.8,14.64
2020-10-30,19.12,26.06,14.22,76.74,5.9,4.42,17.96
2020-10-31,18.95,25.62,13.8,74.87,4.12,3.92,22.09
2020-11-01,19.8,27.56,14.09,68.1,0.84,3.79,24.27
2020-11-02,20.06,27.3,14.82,67.33,0.72,4.1,22.27
2020-11-03,19.52,26.21,15.18,76.78,5.21,4.05,12.23
2020-11-04,19.89,26.85,14.96,76.56,3.34,3.74,18.05
2020-11-05,19.92,26.34,15.53,76.55,4.66,3.68,17.4
2020-11-06,20.19,26.64,16.06,75.97,3.03,3.01,17.09
2020-11-07,20.31,28.33,14.23,67.91,0.33,3.42,21.98
2020-11-08,20.09,26.95,14.74,73.43,1.62,3.36,17.25
2020-11-09,20.32,27.13,15.95,75.91,3.75,3.92,19.99
2020-11-10,19.97,26.06,15.69,77.67,7.94,4.33,21.41
2020-11-11,19.33,25.54,16.39,79.59,4.45,3.73,17.76
2020-11-12,19.65,25.9,15.44,73.08,0.48,4.2,22.41
2020-11-13,19.74,26.8,14.79,77.11,1.29,4.0,21.99
2020-11-14,20.11,26.88,15.79,76.25,1.29,4.0,20.81
2020-11-15,20.44,27.17,15.55,73.84,0.67,3.64,23.12
2020-11-16,20.34,27.27,15.84,76.03,2.55,3.95,16.99
2020-11-17,20.16,26.93,15.88,76.09,3.14,4.34,21.56
2020-11-18,19.82,26.41,15.46,71.17,2.21,4.31,24.72
2020-11-19,20.47,27.86,15.04,72.91,2.61,3.27,20.84
2020-11-20,20.16,26.31,16.43,74.83,5.11,3.72,13.86
2020-11-21,20.33,27.02,15.46,73.28,1.21,3.8,24.48
2020-11-22,20.56,27.23,16.13,75.12,1.79,3.6,23.76
2020-11-23,20.91,28.0,16.11,74.1,0.93,3.48,22.2
2020-11-24,20.98,28.53,16.33,71.37,0.27,3.0,22.61
2020-11-25,21.0,29.52,14.85,66.73,0.22,2.42,24.16
2020-11-26,21.33,29.39,15.62,67.81,0.39,2.8,23.67
2020-11-27,20.65,27.46,16.43,75.96,2.62,3.71,22.02
2020-11-28,19.4,25.51,16.14,82.55,9.32,3.95,17.91
2020-11-29,20.09,25.8,16.31,79.84,11.43,2.97,13.9
2020-11-30,20.37,26.9,15.73,75.03,0.69,3.15,24.28
2020-12-01,20.17,26.99,15.06,73.26,0.52,3.59,22.35
2020-12-02,19.21,25.01,15.73,79.48,1.27,3.52,23.36
2020-12-03,19.25,25.27,15.38,76.85,1.14,4.22,22.05
2020-12-04,19.52,26.33,14.74,75.12,0.89,3.72,21.43
2020-12-05,20.12,26.88,15.21,74.42,0.96,3.32,25.35
2020-12-06,20.36,28.08,14.74,70.47,0.06,3.03,22.61
2020-12-07,20.68,28.53,14.71,70.36,0.76,3.02,24.05
2020-12-08,20.08,26.9,16.17,76.73,3.72,3.22,19.36
2020-12-09,19.67,26.18,15.27,75.28,3.89,3.88,19.67
2020-12-10,18.36,23.32,15.46,81.36,6.44,3.87,21.33
2020-12-11,19.53,26.82,13.98,70.26,1.28,3.96,25.11
2020-12-12,19.66,26.61,13.68,70.98,0.07,3.48,24.27
2020-12-13,19.52,26.63,14.76,69.52,0.03,3.71,25.23
2020-12-14,19.19,27.3,12.2,66.29,0.0,2.86,25.2
2020-12-15,19.71,28.35,12.38,62.02,0.0,2.78,25.08
2020-12-16,20.06,28.49,12.27,63.45,0.0,3.15,25.96
2020-12-17,19.89,26.57,14.75,72.7,1.6,3.68,23.58
2020-12-18,19.52,26.15,14.49,72.2,1.19,3.35,22.72
2020-12-19,20.26,26.96,14.17,68.22,0.44,3.23,17.73
2020-12-20,20.34,27.34,15.54,72.2,0.99,3.54,24.04
2020-12-21,20.74,28.57,14.89,68.96,0.2,3.74,23.9
2020-12-22,20.62,28.14,14.98,68.5,0.72,3.73,25.26
2020-12-23,20.02,27.88,14.06,70.85,0.84,3.74,25.01
2020-12-24,20.33,26.92,15.57,71.51,2.47,3.3,18.85
2020-12-25,20.68,28.32,13.66,67.19,0.03,3.09,23.98
2020-12-26,20.95,28.23,15.25,61.25,0.02,4.14,22.0
2020-12-27,20.04,28.15,13.86,56.38,0.0,4.21,25.94
2020-12-28,19.76,27.83,12.73,53.44,0.0,3.86,26.97
2020-12-29,20.47,28.88,13.06,60.86,0.02,3.76,26.16
2020-12-30,20.9,29.08,14.13,68.11,2.13,3.81,24.18
2020-12-31,19.72,25.88,16.1,79.24,9.26,4.06,16.42
2021-01-01,19.49,26.26,15.43,76.17,1.01,3.89,18.52
2021-01-02,20.27,27.39,15.41,71.62,0.5,3.95,23.82
2021-01-03,20.05,27.3,15.06,75.15,0.92,3.63,23.84
2021-01-04,19.32,25.94,15.16,71.99,0.39,3.49,19.82
2021-01-05,20.11,27.89,13.53,65.24,0.03,3.42,24.23
2021-01-06,20.13,27.73,14.23,65.49,0.0,3.66,21.57
2021-01-07,20.29,28.7,12.83,58.24,0.0,3.41,26.14
2021-01-08,21.17,29.93,13.12,55.71,0.01,2.36,22.55
2021-01-09,20.28,26.57,15.2,69.05,1.22,1.55,12.52
2021-01-10,17.33,21.27,13.74,76.01,2.99,2.44,8.92
2021-01-11,19.21,27.06,12.51,65.32,1.46,2.45,16.53
2021-01-12,19.68,25.12,15.45,68.03,1.24,3.26,12.8
2021-01-13,20.51,27.91,15.29,61.62,0.06,3.7,19.97
2021-01-14,20.79,28.99,13.72,59.69,0.0,3.58,24.38
2021-01-15,21.16,29.88,13.6,60.58,0.03,3.23,26.05
2021-01-16,21.0,28.68,14.13,63.69,0.27,3.27,24.17
2021-01-17,21.01,28.21,14.65,64.24,0.72,2.98,21.05
2021-01-18,21.68,28.57,15.43,59.28,0.74,3.1,17.65
2021-01-19,21.73,28.75,15.55,56.97,0.3,4.15,18.75
2021-01-20,21.74,29.82,14.56,50.99,0.0,4.15,26.12
2021-01-21,21.16,29.33,14.45,64.47,0.43,4.27,24.36
2021-01-22,20.21,26.23,15.89,76.29,4.15,4.41,19.84
2021-01-23,20.72,27.65,15.8,68.03,0.82,4.62,23.24
2021-01-24,20.82,28.84,13.86,61.61,0.11,4.24,26.62
2021-01-25,20.43,27.79,15.27,67.9,1.36,4.2,23.88
2021-01-26,20.47,29.39,14.1,60.4,0.16,4.15,27.26
2021-01-27,20.88,29.68,12.8,52.9,0.0,3.69,27.44
2021-01-28,21.42,30.4,13.13,53.1,0.0,3.39,27.28
2021-01-29,21.66,30.28,13.96,57.43,0.03,3.78,25.78
2021-01-30,21.67,29.98,14.63,53.93,0.02,3.95,23.36
2021-01-31,20.82,29.12,13.8,47.56,0.0,4.4,28.24
2021-02-01,20.81,29.42,13.41,46.51,0.0,4.66,28.34
2021-02-02,21.91,29.98,13.84,52.3,0.05,4.02,27.41
2021-02-03,22.01,29.75,15.34,50.99,0.01,3.65,24.87
2021-02-04,22.41,31.25,14.13,47.74,0.0,3.44,26.94
2021-02-05,22.93,31.9,14.56,48.54,0.23,2.78,25.97
2021-02-06,22.73,30.38,16.41,53.47,1.69,2.19,20.16
2021-02-07,20.11,25.22,15.83,75.01,8.17,1.71,16.0
2021-02-08,19.4,25.05,16.17,78.98,11.21,2.94,8.97
2021-02-09,19.53,25.94,15.8,77.26,2.73,3.31,16.94
2021-02-10,19.7,25.09,16.35,72.33,0.42,3.14,18.22
2021-02-11,20.91,27.62,15.68,65.61,0.85,2.7,8.83
2021-02-12,20.72,27.45,15.31,67.73,4.14,2.47,18.35
2021-02-13,20.37,26.38,16.05,74.45,5.52,1.61,15.14
2021-02-14,20.29,26.01,16.33,75.76,5.69,1.13,13.56
2021-02-15,21.29,29.47,15.33,67.18,0.19,3.6,25.96
2021-02-16,21.34,29.91,13.82,61.59,0.02,3.52,25.98
2021-02-17,21.53,29.86,14.27,62.99,0.0,3.92,26.66
2021-02-18,20.8,28.67,13.66,61.42,0.0,3.63,26.65
2021-02-19,22.12,31.2,13.51,53.07,0.08,3.2,27.08
2021-02-20,20.8,27.76,13.57,60.94,0.02,2.67,23.79
2021-02-21,21.36,28.37,14.57,65.56,0.25,2.32,20.03
2021-02-22,19.31,22.75,16.59,81.38,1.18,2.02,14.16
2021-02-23,19.09,25.68,14.0,66.16,0.04,3.0,21.94
2021-02-24,20.75,29.16,12.78,60.07,0.04,3.19,22.72
2021-02-25,21.42,29.55,13.71,58.64,0.0,3.2,24.69
2021-02-26,21.29,30.04,13.83,54.29,0.0,3.57,28.99
2021-02-27,21.62,31.15,12.75,44.86,0.0,3.1,29.02
2021-02-28,22.51,31.88,13.36,41.12,0.0,3.62,28.74
2021-03-01,21.78,29.25,14.38,52.19,0.01,3.81,28.24
2021-03-02,21.74,29.89,14.82,54.27,0.01,4.3,27.62
2021-03-03,22.25,30.8,15.01,47.45,0.0,4.37,28.13
2021-03-04,21.92,28.99,15.39,58.54,0.17,4.27,22.42
2021-03-05,21.69,27.71,16.3,59.17,0.3,3.83,25.05
2021-03-06,22.89,30.55,16.72,51.96,0.03,4.37,26.15
2021-03-07,22.69,30.59,15.57,53.39,0.02,3.97,26.68
2021-03-08,22.41,30.64,14.84,52.28,0.03,4.17,26.12
2021-03-09,21.72,30.26,13.76,50.97,0.05,4.34,26.71
2021-03-10,21.39,30.42,13.75,51.78,0.13,4.2,28.6
2021-03-11,22.24,31.46,13.82,46.36,0.0,3.99,29.23
2021-03-12,21.65,30.76,14.02,49.5,0.19,4.15,28.88
2021-03-13,21.9,30.99,13.34,51.45,0.32,3.74,28.48
2021-03-14,22.35,31.89,13.49,48.79,0.11,3.67,28.12
2021-03-15,22.4,32.06,13.55,50.25,0.04,3.78,27.37
2021-03-16,21.68,29.2,15.84,59.89,1.26,4.56,23.61
2021-03-17,21.75,29.91,14.62,58.79,0.72,4.13,24.26
2021-03-18,22.48,31.01,16.29,59.47,0.72,4.02,23.35
2021-03-19,21.95,29.34,16.91,64.46,1.34,4.02,25.39
2021-03-20,21.44,29.09,16.26,66.84,3.05,4.55,24.33
2021-03-21,21.07,28.9,16.03,63.2,3.06,4.28,20.17
2021-03-22,21.52,29.65,15.26,64.08,0.05,4.01,24.93
2021-03-23,21.73,29.56,16.14,65.96,1.32,4.47,21.97
2021-03-24,21.66,28.97,16.52,64.75,0.85,4.0,25.78
2021-03-25,22.38,30.9,15.82,56.24,0.01,3.72,28.02
2021-03-26,22.69,30.98,16.43,54.49,0.02,3.95,23.98
2021-03-27,22.13,29.79,15.97,52.37,0.02,2.62,19.53
2021-03-28,21.8,28.61,16.56,57.84,0.74,3.19,22.0
2021-03-29,21.89,28.83,16.28,60.67,0.39,3.48,23.02
2021-03-30,21.59,29.27,16.23,67.93,2.63,3.77,20.05
2021-03-31,22.03,29.98,16.62,64.61,0.91,4.02,22.78
2021-04-01,21.56,29.37,15.84,66.09,0.86,3.88,22.41
2021-04-02,20.56,28.17,15.7,67.18,19.04,2.84,22.45
2021-04-03,21.2,28.36,15.52,67.56,0.43,2.18,22.99
2021-04-04,21.27,27.99,16.45,71.24,1.71,2.58,21.21
2021-04-05,20.77,27.67,16.37,74.92,2.73,3.11,19.7
2021-04-06,21.39,28.48,16.33,74.31,3.0,3.14,20.43
2021-04-07,20.82,27.68,16.16,71.27,2.22,4.21,24.74
2021-04-08,20.13,25.48,16.47,79.41,20.94,3.3,19.83
2021-04-09,21.04,27.74,15.78,71.21,0.81,2.4,21.08
2021-04-10,20.46,26.37,16.48,73.6,1.57,2.95,20.39
2021-04-11,21.03,29.1,14.94,67.69,1.11,3.35,21.16
2021-04-12,20.87,28.55,15.36,68.05,0.59,3.15,22.05
2021-04-13,20.51,27.38,15.35,71.39,0.31,2.63,21.24
2021-04-14,20.96,28.08,15.89,70.4,0.36,2.44,21.2
2021-04-15,21.13,28.53,15.53,67.07,0.37,2.52,22.45
2021-04-16,21.54,29.41,16.06,69.72,0.41,2.8,22.63
2021-04-17,21.39,28.71,16.43,70.1,0.42,3.43,23.68
2021-04-18,20.46,27.91,15.5,73.18,1.32,3.78,18.27
2021-04-19,19.84,26.98,14.97,70.0,1.81,3.29,19.85
2021-04-20,20.08,27.91,14.01,65.22,0.33,3.25,20.49
2021-04-21,20.57,28.67,14.6,64.57,0.82,3.03,19.78
2021-04-22,20.68,28.37,14.85,72.27,2.46,2.51,19.61
2021-04-23,20.73,27.98,15.3,70.27,1.12,2.92,19.82
2021-04-24,21.32,28.71,16.0,71.32,1.73,2.9,20.8
2021-04-25,20.71,27.63,16.49,76.15,4.29,2.7,18.17
2021-04-26,21.2,28.61,15.29,69.21,0.62,2.69,21.8
2021-04-27,21.05,28.59,15.85,72.79,0.93,2.83,22.16
2021-04-28,20.88,28.51,15.27,69.66,3.72,3.51,20.98
2021-04-29,20.9,29.12,14.74,70.48,2.05,3.26,22.23
2021-04-30,20.85,28.52,13.88,70.87,1.16,3.01,22.5
2021-05-01,21.94,30.09,15.89,66.73,0.44,2.67,22.3
2021-05-02,21.0,28.24,16.26,72.99,1.3,2.44,21.36
2021-05-03,19.57,25.65,15.64,79.0,19.03,2.65,18.25
2021-05-04,19.94,26.56,15.43,76.16,5.72,3.0,18.7
2021-05-05,18.74,26.05,14.47,76.24,6.65,2.17,18.62
2021-05-06,19.57,26.81,13.32,72.32,0.97,1.52,17.12
2021-05-07,19.48,25.15,15.54,77.12,2.16,1.75,17.57
2021-05-08,19.85,26.9,15.17,73.86,3.88,1.57,18.61
2021-05-09,19.06,23.7,15.86,80.24,3.78,0.8,16.21
2021-05-10,18.01,21.01,15.68,84.38,3.77,1.17,13.73
2021-05-11,17.39,20.66,13.97,85.98,7.73,1.38,13.74
2021-05-12,17.81,23.68,13.68,82.2,9.98,1.44,12.63
2021-05-13,17.56,23.67,14.22,83.15,8.29,1.63,16.69
2021-05-14,18.47,25.02,13.75,77.29,6.97,1.94,18.22
2021-05-15,19.13,26.48,13.27,74.05,0.26,1.49,22.19
2021-05-16,19.61,26.69,13.62,75.2,0.29,1.39,20.55
2021-05-17,19.94,27.05,14.3,77.71,0.44,2.54,22.81
2021-05-18,19.96,26.85,14.88,74.68,0.18,2.71,19.0
2021-05-19,19.4,26.94,13.92,71.46,0.31,2.19,17.45
2021-05-20,20.18,27.62,14.62,75.21,0.33,1.72,19.87
2021-05-21,19.54,26.67,14.59,72.28,0.24,2.32,19.17
2021-05-22,19.57,27.61,13.32,68.97,0.12,2.22,19.79
2021-05-23,19.31,26.37,14.25,74.51,0.58,1.92,18.6
2021-05-24,19.07,25.46,14.22,75.11,0.78,2.05,14.16
2021-05-25,19.36,26.48,13.9,71.27,0.39,1.75,17.92
2021-05-26,18.13,25.57,13.09,74.01,0.59,2.76,19.12
2021-05-27,18.63,26.32,13.04,72.3,0.17,2.89,19.77
2021-05-28,19.33,27.05,13.74,74.48,0.59,2.59,20.23
2021-05-29,19.11,26.58,13.84,76.32,0.96,2.47,17.95
2021-05-30,18.08,24.72,13.91,74.0,0.29,2.94,14.76
2021-05-31,18.52,25.71,14.08,72.15,0.05,3.17,20.86
2021-06-01,18.59,26.38,13.31,68.02,0.02,3.09,18.17
2021-06-02,18.81,26.64,12.9,69.34,0.01,2.5,21.96
2021-06-03,19.93,27.87,13.39,68.79,0.01,1.82,20.52
2021-06-04,19.45,26.26,15.32,73.45,0.03,2.61,17.52
2021-06-05,19.19,26.53,13.9,71.99,0.05,2.76,15.13
2021-06-06,18.34,25.32,13.64,72.34,0.12,3.01,17.14
2021-06-07,18.36,26.5,12.36,70.77,0.04,2.45,20.76
2021-06-08,18.48,26.58,11.89,70.35,0.02,2.76,17.61
2021-06-09,18.36,26.05,12.82,74.49,0.28,2.58,10.31
2021-06-10,19.18,26.76,13.4,70.69,0.04,2.34,17.75
2021-06-11,19.4,27.05,13.57,69.52,0.04,1.87,20.47
2021-06-12,18.82,26.69,13.39,70.71,0.07,1.97,13.51
2021-06-13,19.38,27.88,12.63,66.62,0.03,1.79,17.18
2021-06-14,19.68,27.28,13.23,67.95,0.04,1.69,21.03
2021-06-15,18.84,25.53,13.79,71.55,0.11,2.05,18.92
2021-06-16,18.67,24.69,14.62,71.8,0.2,1.67,11.55
2021-06-17,19.01,26.27,14.13,70.89,0.19,2.25,14.58
2021-06-18,19.22,26.41,14.2,62.4,0.03,2.08,15.73
2021-06-19,19.28,26.92,14.29,67.13,0.03,2.9,14.94
2021-06-20,18.62,26.18,13.64,68.08,0.12,2.35,12.52
2021-06-21,18.69,27.29,12.24,62.3,0.1,3.04,16.48
2021-06-22,17.91,25.81,12.78,74.74,0.67,3.31,16.65
2021-06-23,18.14,26.51,12.28,64.36,0.17,3.04,11.78
2021-06-24,18.99,27.6,12.16,61.59,0.04,2.53,19.11
2021-06-25,18.97,27.16,12.16,63.37,0.13,1.75,17.87
2021-06-26,18.66,24.9,14.17,71.12,0.72,1.71,18.64
2021-06-27,17.8,24.04,13.14,71.84,0.32,2.44,10.76
2021-06-28,17.92,25.78,11.68,63.62,0.14,2.96,17.9
2021-06-29,18.8,26.97,12.7,65.84,0.07,3.28,16.14
2021-06-30,19.44,27.52,12.4,60.75,0.03,2.43,16.62
2021-07-01,19.68,26.92,13.5,64.11,0.19,2.03,20.8
2021-07-02,19.54,26.89,14.05,63.09,0.22,2.24,19.61
2021-07-03,18.92,26.74,12.91,62.86,0.19,1.88,18.81
2021-07-04,18.71,25.86,12.39,60.57,0.09,1.85,17.94
2021-07-05,18.58,26.71,12.34,65.46,0.64,1.9,17.84
2021-07-06,18.22,24.88,13.52,68.98,0.8,2.46,13.58
2021-07-07,17.99,24.58,13.12,67.57,0.34,2.59,15.22
2021-07-08,17.52,23.6,13.7,72.96,1.06,2.46,10.05
2021-07-09,16.82,22.23,13.27,74.24,2.32,2.13,8.93
2021-07-10,17.26,24.06,12.89,70.62,1.15,2.23,8.78
2021-07-11,17.38,24.15,12.32,69.63,0.44,1.98,12.42
2021-07-12,16.84,21.95,13.27,73.45,0.85,2.16,6.54
2021-07-13,18.91,26.39,12.42,62.98,0.11,2.03,17.92
2021-07-14,19.18,26.83,13.54,67.94,0.34,2.73,16.66
2021-07-15,18.38,25.62,13.54,71.09,1.31,2.95,9.6
2021-07-16,18.98,27.08,12.14,62.64,0.16,2.42,17.81
2021-07-17,17.76,23.78,12.92,64.35,0.43,2.59,13.39
2021-07-18,18.45,25.81,12.03,63.85,0.5,2.47,13.42
2021-07-19,18.15,24.76,12.89,65.69,0.87,2.22,19.18
2021-07-20,18.21,24.93,12.72,66.24,0.18,2.72,16.66
2021-07-21,19.24,27.69,13.65,63.82,0.24,2.87,13.2
2021-07-22,19.76,28.07,13.15,64.57,0.17,2.71,22.14
2021-07-23,18.71,24.72,14.09,69.44,1.2,2.26,17.55
2021-07-24,18.55,25.76,12.77,57.76,0.02,3.6,19.05
2021-07-25,18.19,26.36,11.77,59.64,0.13,2.33,16.71
2021-07-26,18.48,27.33,11.03,52.33,0.0,2.48,20.48
2021-07-27,18.21,26.52,11.36,61.69,0.6,2.1,19.83
2021-07-28,17.72,23.59,13.02,64.27,0.28,2.24,14.35
2021-07-29,17.57,24.9,12.52,69.93,0.63,2.27,14.17
2021-07-30,18.71,26.28,12.78,65.15,0.4,3.02,13.85
2021-07-31,18.28,27.41,10.79,59.16,0.05,3.29,23.18
2021-08-01,17.56,24.39,11.93,64.02,0.11,3.19,17.26
2021-08-02,17.78,23.55,12.84,63.73,0.19,2.48,13.85
2021-08-03,18.86,26.38,12.44,63.21,0.24,2.3,18.04
2021-08-04,18.64,26.81,12.89,65.75,0.27,3.17,16.34
2021-08-05,19.06,27.25,12.68,61.36,0.22,2.95,18.2
2021-08-06,18.66,25.53,12.69,62.74,0.25,2.39,19.04
2021-08-07,19.0,26.14,13.19,66.35,0.65,2.79,18.02
2021-08-08,19.3,26.32,13.63,67.66,1.55,2.25,17.65
2021-08-09,19.27,25.12,14.77,67.21,1.41,1.59,13.72
2021-08-10,19.11,24.5,15.12,68.01,1.72,2.02,19.52
2021-08-11,18.42,24.6,14.21,71.44,1.54,2.66,10.86
2021-08-12,19.13,26.84,13.34,66.16,0.29,2.57,13.21
2021-08-13,17.83,24.07,12.61,68.09,0.34,2.17,21.15
2021-08-14,17.88,24.02,13.69,70.15,0.81,2.86,11.67
2021-08-15,17.92,24.42,12.13,62.67,0.05,3.0,12.99
2021-08-16,18.24,25.26,12.97,67.45,0.19,3.25,13.22
2021-08-17,19.25,27.08,12.93,65.23,0.09,3.33,17.91
2021-08-18,19.89,27.9,13.72,63.49,0.18,2.92,17.67
2021-08-19,19.57,26.42,13.86,63.82,1.27,2.17,17.69
2021-08-20,19.09,24.84,14.36,58.27,1.02,2.92,14.22
2021-08-21,20.53,29.06,13.88,62.2,0.25,3.51,20.19
2021-08-22,20.51,29.36,12.09,57.42,0.09,3.46,24.87
2021-08-23,20.34,29.73,14.21,56.26,0.17,3.5,26.31
2021-08-24,19.79,29.44,12.82,51.1,0.06,3.01,27.38
2021-08-25,19.94,29.71,12.92,54.34,0.05,3.1,22.55
2021-08-26,19.51,30.02,11.58,47.6,0.03,2.73,24.08
2021-08-27,20.31,30.7,10.58,43.97,0.0,2.05,26.99
2021-08-28,20.95,29.14,11.94,44.74,0.0,2.37,25.91
2021-08-29,21.98,30.75,12.81,45.74,0.0,2.94,25.84
2021-08-30,21.2,27.98,14.07,56.53,0.08,2.52,21.87
2021-08-31,19.35,24.54,15.0,60.23,0.75,2.11,18.01
2021-09-01,20.9,29.0,14.33,57.51,0.04,3.36,16.82
2021-09-02,20.09,27.66,14.16,62.36,0.15,3.62,16.69
2021-09-03,19.59,27.3,13.56,62.96,0.13,3.6,12.54
2021-09-04,19.13,26.34,13.08,61.7,0.45,2.99,13.43
2021-09-05,19.32,26.72,12.77,60.81,0.26,2.84,19.46
2021-09-06,19.56,27.37,13.61,63.77,0.13,3.57,16.57
2021-09-07,20.0,27.85,13.54,63.04,0.21,3.29,18.09
2021-09-08,20.28,28.74,13.55,61.95,0.49,3.31,20.93
2021-09-09,19.91,27.78,13.78,64.25,0.69,4.13,13.62
2021-09-10,19.19,26.31,13.86,64.53,0.35,3.83,16.74
2021-09-11,18.86,26.48,12.9,59.44,0.12,3.64,15.67
2021-09-12,19.7,28.58,12.32,59.65,0.14,3.5,19.94
2021-09-13,20.84,29.29,13.72,57.45,0.26,3.24,21.76
2021-09-14,21.27,30.78,13.76,56.31,0.37,2.65,24.44
2021-09-15,20.68,27.4,14.37,59.27,0.39,2.46,22.81
2021-09-16,22.06,30.34,15.4,57.12,0.24,2.73,21.82
2021-09-17,22.78,31.62,15.48,55.34,0.76,2.57,22.51
2021-09-18,21.94,30.45,15.38,56.2,0.36,3.4,21.97
2021-09-19,21.78,30.49,14.61,46.62,0.05,2.84,25.62
2021-09-20,20.58,28.26,13.69,58.89,0.18,2.81,23.47
2021-09-21,20.94,29.89,14.59,61.49,0.3,3.97,23.49
2021-09-22,20.75,29.72,13.39,56.55,0.09,4.07,20.65
2021-09-23,20.31,28.37,14.39,61.69,0.42,4.04,20.63
2021-09-24,19.47,27.52,14.01,64.52,0.54,3.61,19.69
2021-09-25,19.71,27.79,13.3,57.56,0.05,3.94,21.17
2021-09-26,20.41,28.05,14.05,59.96,0.26,3.06,19.76
2021-09-27,20.51,27.75,13.91,54.19,0.02,2.89,24.78
2021-09-28,21.14,30.97,12.83,56.21,0.01,3.34,25.88
2021-09-29,21.96,31.68,13.57,57.22,0.11,3.64,27.32
2021-09-30,22.26,31.6,14.91,60.27,0.33,3.66,22.45
2021-10-01,21.7,30.15,15.56,59.12,0.82,3.45,21.75
2021-10-02,21.59,30.36,15.3,53.04,1.15,3.66,23.08
2021-10-03,22.38,32.22,14.35,50.75,0.19,3.24,24.36
2021-10-04,22.56,31.46,14.37,51.71,0.26,2.89,22.39
2021-10-05,22.29,31.0,13.93,49.28,0.3,2.96,24.84
2021-10-06,21.89,31.08,13.19,51.25,0.55,2.79,25.14
2021-10-07,21.92,28.78,14.31,53.1,0.07,2.41,23.78
2021-10-08,22.24,29.58,15.59,57.16,0.13,2.35,20.14
2021-10-09,21.64,29.26,15.96,62.27,0.48,3.09,17.86
2021-10-10,21.89,29.77,15.8,61.53,0.25,3.59,22.63
2021-10-11,21.53,29.22,15.55,59.7,0.13,4.16,18.69
2021-10-12,21.69,29.82,14.58,53.48,0.08,3.21,21.84
2021-10-13,20.77,28.18,15.19,65.5,0.98,3.19,18.25
2021-10-14,22.1,30.63,15.0,50.75,0.15,3.97,22.49
2021-10-15,22.12,30.5,15.46,56.31,0.08,3.94,19.62
2021-10-16,22.41,29.99,16.08,55.85,0.1,3.44,24.19
2021-10-17,22.49,32.01,13.54,51.01,0.01,3.19,23.54
2021-10-18,21.37,29.65,15.09,61.96,0.96,3.45,24.32
2021-10-19,21.54,29.43,15.22,63.37,0.94,4.18,20.05
2021-10-20,20.47,28.11,15.12,70.29,3.36,4.7,12.69
2021-10-21,20.45,28.6,14.17,62.26,0.34,4.07,17.52
2021-10-22,20.74,28.8,13.67,56.46,0.07,3.17,22.51
2021-10-23,21.15,29.13,13.67,54.22,0.59,3.58,24.6
2021-10-24,21.82,30.38,14.25,50.71,0.04,3.96,26.3
2021-10-25,21.74,31.28,14.64,57.77,0.49,3.78,24.41
2021-10-26,21.73,30.44,15.5,61.27,2.36,4.29,25.75
2021-10-27,20.47,28.64,13.8,61.52,2.03,4.09,21.51
2021-10-28,21.4,30.34,13.63,51.09,0.07,3.39,27.01
2021-10-29,21.99,30.41,14.76,58.4,0.03,3.05,25.05
2021-10-30,21.4,27.86,16.4,63.56,0.26,3.95,18.66
2021-10-31,21.72,28.42,15.74,62.09,0.32,4.36,19.71
2021-11-01,21.45,28.13,16.33,63.83,0.28,4.36,24.23
2021-11-02,21.94,29.48,15.92,60.06,0.25,4.04,22.4
2021-11-03,21.74,29.27,16.14,63.91,0.52,3.99,22.93
2021-11-04,22.15,29.9,16.23,59.15,0.36,4.32,23.39
2021-11-05,21.78,28.97,16.06,60.59,0.74,3.66,23.14
2021-11-06,22.03,30.11,15.37,53.84,0.08,3.48,23.22
2021-11-07,22.42,31.25,15.31,50.64,0.09,3.25,24.29
2021-11-08,22.28,31.49,14.07,49.14,0.0,3.36,25.93
2021-11-09,22.18,31.89,14.02,53.96,0.33,3.74,26.35
2021-11-10,20.81,28.77,16.18,67.9,1.67,3.92,20.08
2021-11-11,22.07,30.71,15.54,54.49,0.15,3.83,25.24
2021-11-12,22.16,31.23,13.51,52.92,0.07,3.57,25.84
2021-11-13,21.85,30.3,15.11,57.38,0.16,4.01,23.39
2021-11-14,21.57,29.09,15.82,61.87,0.6,4.23,19.37
2021-11-15,21.22,28.77,16.3,67.17,1.62,4.03,20.38
2021-11-16,21.48,29.54,15.52,62.28,0.44,3.85,18.07
2021-11-17,21.33,29.58,14.64,59.9,0.09,3.72,25.04
2021-11-18,22.21,30.96,15.52,58.48,0.32,3.49,24.82
2021-11-19,22.61,31.04,15.98,58.27,0.64,3.46,23.23
2021-11-20,21.53,28.51,16.44,70.19,2.85,2.9,22.72
2021-11-21,21.66,28.74,16.96,68.3,2.16,4.0,23.2
2021-11-22,20.72,28.69,16.11,73.27,1.42,3.21,22.09
2021-11-23,21.72,28.66,16.51,65.39,0.97,3.46,24.17
2021-11-24,22.17,29.03,16.2,59.25,0.41,2.25,23.67
2021-11-25,21.08,26.62,16.04,66.96,1.07,3.33,21.52
2021-11-26,21.05,27.3,16.9,69.34,1.79,3.7,18.49
2021-11-27,21.12,28.51,15.93,69.83,2.2,3.46,17.19
2021-11-28,19.85,24.35,16.53,76.82,2.44,3.54,19.6
2021-11-29,20.07,26.41,15.48,77.37,9.89,3.59,18.66
2021-11-30,19.86,27.14,16.03,78.45,4.22,3.96,16.06
2021-12-01,19.51,25.31,15.24,78.35,2.35,4.04,19.38
2021-12-02,19.51,26.78,15.16,78.53,4.3,4.04,14.82
2021-12-03,20.14,27.29,15.35,72.15,2.08,4.03,15.53
2021-12-04,20.04,26.81,15.66,76.32,4.58,4.11,18.34
2021-12-05,20.25,26.96,15.99,75.0,1.91,4.21,19.49
2021-12-06,20.02,26.59,15.47,74.67,1.61,4.08,21.0
2021-12-07,20.71,27.72,15.6,71.44,0.47,4.07,24.56
2021-12-08,20.47,27.66,15.47,74.34,0.87,3.75,21.54
2021-12-09,20.0,27.37,15.66,75.51,1.39,3.71,20.52
2021-12-10,19.6,25.28,15.38,74.22,0.71,4.18,17.58
2021-12-11,19.75,26.92,14.64,70.46,0.4,4.55,24.18
2021-12-12,18.77,25.88,13.81,73.92,1.2,4.86,23.57
2021-12-13,19.38,26.38,14.66,76.26,2.61,4.41,19.06
2021-12-14,19.56,25.63,15.65,78.69,6.53,3.88,18.89
2021-12-15,18.64,23.99,15.84,82.08,5.03,3.8,18.75
2021-12-16,19.51,26.13,15.42,80.53,3.5,4.28,18.26
2021-12-17,19.8,26.59,15.81,74.26,1.56,4.54,20.8
2021-12-18,19.8,26.28,15.37,77.25,2.79,3.54,21.5
2021-12-19,19.21,23.16,16.27,79.29,3.55,3.92,20.14
2021-12-20,19.87,25.48,16.32,79.41,4.85,4.28,22.34
2021-12-21,19.36,24.98,16.11,78.7,12.84,4.92,17.0
2021-12-22,19.08,25.36,15.23,78.31,10.33,4.32,17.5
2021-12-23,19.28,25.4,15.33,76.96,1.99,4.41,20.91
2021-12-24,19.92,26.41,15.81,77.53,0.74,4.15,21.07
2021-12-25,19.58,26.19,15.58,79.7,2.7,4.34,18.79
2021-12-26,19.57,25.57,15.57,80.29,3.5,4.02,17.69
2021-12-27,20.1,26.33,15.7,75.05,0.14,4.07,22.58
2021-12-28,19.52,25.68,15.69,78.75,2.1,3.71,22.55
2021-12-29,19.29,25.11,15.26,75.5,0.54,3.06,20.93
2021-12-30,19.98,26.56,15.52,73.02,0.22,3.39,23.57
2021-12-31,19.5,26.9,14.6,70.05,0.01,3.51,24.07
2022-01-01,18.68,25.84,13.66,65.67,0.0,3.42,24.51
2022-01-02,19.81,28.58,13.79,68.55,0.04,2.72,26.11
2022-01-03,19.53,28.01,12.64,67.11,0.06,3.08,26.98
2022-01-04,19.78,28.04,13.92,62.37,0.04,3.63,27.88
2022-01-05,19.6,26.95,13.15,67.17,0.54,3.71,23.1
2022-01-06,20.13,26.7,16.05,74.85,0.61,3.69,23.85
2022-01-07,20.84,27.4,16.08,70.33,0.25,4.13,23.66
2022-01-08,20.67,27.81,16.02,71.32,0.16,4.06,24.14
2022-01-09,20.42,28.09,14.44,68.24,0.05,4.12,24.64
2022-01-10,20.71,28.77,14.85,65.61,0.02,4.21,27.38
2022-01-11,19.45,25.62,15.14,66.79,0.04,4.73,25.03
2022-01-12,19.13,27.22,12.51,62.66,0.0,5.12,27.6
2022-01-13,19.22,28.14,11.29,57.28,0.0,4.32,27.66
2022-01-14,20.67,29.89,11.89,54.54,0.0,3.01,25.95
2022-01-15,20.32,26.69,15.29,70.43,0.28,2.31,16.55
2022-01-16,21.01,27.66,15.65,70.44,3.48,0.69,21.39
2022-01-17,19.84,25.75,16.01,73.42,1.53,1.39,10.54
2022-01-18,19.57,25.49,15.17,75.61,13.86,1.33,17.18
2022-01-19,19.43,25.33,15.08,76.59,2.74,2.16,20.42
2022-01-20,20.55,28.62,15.11,63.85,0.26,1.9,24.13
2022-01-21,19.98,26.93,13.7,63.73,0.31,2.45,15.7
2022-01-22,20.25,27.26,15.49,71.5,4.07,3.38,22.21
2022-01-23,19.66,27.3,14.54,65.28,0.57,3.48,20.46
2022-01-24,20.3,28.89,13.89,58.22,0.08,3.45,20.8
2022-01-25,20.2,28.42,13.94,59.0,0.0,4.31,25.56
2022-01-26,19.74,28.33,13.33,56.88,0.0,3.89,27.94
2022-01-27,19.47,28.34,12.11,58.98,0.0,3.21,26.98
2022-01-28,21.35,30.71,12.64,51.98,0.0,3.17,24.43
2022-01-29,20.98,29.15,13.92,58.28,0.13,3.9,23.68
2022-01-30,21.06,29.48,14.54,63.04,0.58,3.43,25.69
2022-01-31,21.17,28.68,15.39,66.09,0.43,2.73,12.8
2022-02-01,19.91,25.08,15.42,66.82,0.22,1.82,18.05
2022-02-02,21.45,28.99,14.79,64.54,0.35,3.74,18.07
2022-02-03,21.77,29.34,16.54,65.36,0.14,4.71,18.77
2022-02-04,22.05,30.2,15.93,61.93,0.46,3.72,24.13
2022-02-05,22.21,29.92,15.32,61.24,1.31,1.97,23.14
2022-02-06,20.19,23.93,16.07,64.31,3.12,1.57,23.92
2022-02-07,19.53,25.64,15.36,73.78,10.46,3.07,16.76
2022-02-08,20.38,28.74,13.2,60.86,0.09,3.46,26.62
2022-02-09,20.5,28.79,14.16,55.23,0.0,4.12,26.83
2022-02-10,21.1,30.0,12.81,49.88,0.0,3.64,27.12
2022-02-11,21.77,30.1,14.15,53.86,0.04,3.5,24.99
2022-02-12,21.81,29.63,14.65,61.16,0.16,3.76,23.51
2022-02-13,21.62,28.5,15.59,59.48,0.23,2.42,24.57
2022-02-14,23.23,31.83,15.64,51.93,0.02,2.65,24.65
2022-02-15,22.37,31.11,15.63,54.42,0.07,2.83,21.02
2022-02-16,22.96,31.67,15.15,49.27,0.01,2.69,25.84
2022-02-17,23.5,32.72,14.43,45.13,0.0,2.25,26.46
2022-02-18,23.35,31.22,16.12,52.71,0.33,2.5,21.23
2022-02-19,22.43,28.38,17.55,60.89,0.67,1.98,21.77
2022-02-20,22.87,30.77,16.97,55.33,0.5,2.92,24.82
2022-02-21,23.04,31.24,16.23,58.53,0.95,2.99,20.63
2022-02-22,21.21,28.53,17.03,71.11,7.66,2.08,15.62
2022-02-23,21.4,28.08,17.31,69.72,1.18,1.79,16.06
2022-02-24,20.49,27.76,15.67,73.32,4.31,3.09,16.65
2022-02-25,19.75,24.73,15.43,76.13,1.63,3.39,23.14
2022-02-26,21.64,30.22,14.9,61.87,0.14,3.17,26.89
2022-02-27,21.92,30.95,13.83,54.82,0.0,3.68,28.74
2022-02-28,21.71,30.94,13.18,54.52,0.01,3.87,27.19
2022-03-01,21.35,29.77,14.31,58.41,0.07,4.35,26.92
2022-03-02,20.92,28.82,13.71,58.79,0.54,4.43,27.23
2022-03-03,21.98,31.14,13.26,47.46,0.02,4.15,28.61
2022-03-04,22.79,31.43,15.08,47.15,0.2,4.01,28.84
2022-03-05,22.27,31.3,14.4,45.76,0.04,3.96,28.52
2022-03-06,22.08,31.09,14.3,53.16,0.69,3.87,28.38
2022-03-07,22.97,32.04,14.98,52.43,0.02,3.62,27.84
2022-03-08,23.26,31.75,16.09,56.87,0.27,3.38,26.25
2022-03-09,23.02,31.73,15.44,54.89,0.12,3.67,24.3
2022-03-10,22.86,31.7,15.37,51.17,0.07,3.98,27.56
2022-03-11,23.03,32.27,14.17,47.29,0.01,3.96,28.27
2022-03-12,22.88,32.19,15.54,48.5,0.33,3.77,28.09
2022-03-13,23.25,32.56,15.31,41.64,0.02,3.69,27.41
2022-03-14,23.48,32.7,14.7,41.5,0.02,3.44,25.73
2022-03-15,23.62,32.89,15.58,46.64,0.01,3.42,27.43
2022-03-16,24.75,33.69,16.35,43.2,0.06,3.28,26.12
2022-03-17,23.86,32.11,17.49,49.54,0.22,3.73,23.11
2022-03-18,22.97,31.63,15.9,52.4,0.11,3.65,24.12
2022-03-19,23.1,31.77,15.23,53.37,0.16,3.22,26.74
2022-03-20,23.85,32.58,15.62,45.41,0.0,3.75,27.48
2022-03-21,23.34,32.69,14.73,47.61,0.01,3.74,26.56
2022-03-22,22.64,31.81,15.17,50.95,0.23,3.91,26.77
2022-03-23,23.34,32.4,15.33,50.11,0.21,3.72,27.41
2022-03-24,23.47,31.92,17.03,57.35,0.6,3.19,25.26
2022-03-25,23.95,32.42,16.82,53.71,0.98,3.05,24.27
2022-03-26,23.13,30.85,16.89,58.83,2.2,2.86,21.39
2022-03-27,22.78,30.01,16.96,60.75,0.89,3.41,20.02
2022-03-28,22.23,30.41,16.03,63.84,2.16,3.58,19.13
2022-03-29,21.93,29.33,16.94,67.51,1.8,4.36,22.76
2022-03-30,21.91,29.47,16.42,63.55,0.89,4.63,23.22
2022-03-31,21.63,28.42,16.7,72.65,5.72,4.35,21.94
2022-04-01,20.66,27.31,16.29,73.86,8.53,4.48,18.07
2022-04-02,20.7,27.72,16.12,70.14,0.52,4.61,20.77
2022-04-03,20.98,28.9,14.97,66.53,0.13,4.13,23.02
2022-04-04,21.79,29.86,15.02,63.85,0.14,3.46,25.56
2022-04-05,21.86,29.38,15.89,62.27,0.13,3.48,24.55
2022-04-06,21.9,30.01,15.87,61.49,0.03,3.73,25.74
2022-04-07,21.9,30.15,15.01,58.29,0.02,3.79,24.79
2022-04-08,21.78,29.46,15.12,57.27,0.01,3.6,25.0
2022-04-09,22.3,30.96,16.38,58.12,0.01,3.9,25.23
2022-04-10,22.08,30.32,15.95,57.44,0.03,3.89,21.86
2022-04-11,21.94,30.98,14.18,55.57,0.18,3.45,19.23
2022-04-12,22.64,30.97,15.86,58.13,0.37,3.19,22.76
2022-04-13,22.79,31.42,15.75,55.81,0.4,3.16,21.44
2022-04-14,21.91,30.17,16.49,67.02,1.4,3.89,18.92
2022-04-15,21.91,30.35,14.97,52.91,0.17,4.05,20.31
2022-04-16,21.06,29.62,13.16,49.64,0.07,2.6,21.83
2022-04-17,21.5,29.87,13.88,57.76,0.52,1.96,20.72
2022-04-18,21.87,28.99,15.63,64.49,0.26,2.6,17.62
2022-04-19,22.11,30.89,16.76,64.99,1.54,3.04,16.94
2022-04-20,21.7,29.74,16.25,67.94,5.82,3.14,18.82
2022-04-21,20.59,27.32,15.5,72.14,6.7,3.12,17.99
2022-04-22,20.98,28.52,16.07,74.01,2.56,2.71,19.51
2022-04-23,20.58,27.51,16.68,76.77,1.38,3.3,20.41
2022-04-24,20.1,27.39,15.17,69.94,1.79,3.19,18.02
2022-04-25,20.04,25.85,16.45,78.17,2.11,2.58,22.44
2022-04-26,21.37,28.43,16.58,67.78,0.81,3.21,22.75
2022-04-27,20.44,28.09,15.25,64.03,1.15,2.54,19.77
2022-04-28,19.52,27.05,14.13,73.07,8.58,2.82,15.59
2022-04-29,20.6,28.71,15.17,69.71,1.89,2.91,20.2
2022-04-30,20.85,28.01,15.57,71.17,1.61,2.59,22.46
2022-05-01,21.05,28.13,15.58,70.91,0.42,2.62,18.69
2022-05-02,20.73,28.41,15.37,70.54,2.05,2.72,20.42
2022-05-03,18.01,21.63,15.37,78.78,2.03,2.86,18.2
2022-05-04,18.11,23.79,14.6,78.59,4.95,2.92,19.18
2022-05-05,19.34,26.95,14.53,73.03,4.66,2.68,16.89
2022-05-06,19.97,28.33,13.98,69.67,0.45,2.56,19.57
2022-05-07,20.11,27.36,14.31,71.74,0.71,3.01,17.97
2022-05-08,21.45,29.29,15.69,64.88,0.14,2.46,20.75
2022-05-09,20.82,27.2,16.41,69.94,0.44,2.29,19.48
2022-05-10,21.4,29.65,15.5,65.43,0.05,2.69,22.09
2022-05-11,21.45,29.24,15.97,66.44,0.08,2.91,22.63
2022-05-12,21.06,29.75,14.46,61.13,0.13,2.67,23.0
2022-05-13,20.9,28.87,15.32,70.72,1.17,2.74,24.35
2022-05-14,21.13,28.98,15.81,67.72,0.35,3.34,23.37
2022-05-15,20.38,28.56,14.06,64.46,0.06,3.41,23.8
2022-05-16,20.34,27.97,14.38,63.8,0.12,3.26,19.9
2022-05-17,20.35,27.67,14.94,69.93,0.5,2.5,18.05
2022-05-18,20.32,27.83,14.79,66.37,0.42,3.19,16.12
2022-05-19,20.03,28.06,14.39,64.18,0.18,2.91,22.33
2022-05-20,20.52,28.88,14.11,62.99,0.14,3.02,22.62
2022-05-21,21.18,29.94,14.6,61.99,0.23,2.96,21.91
2022-05-22,22.02,30.39,15.34,62.53,0.18,2.52,21.41
2022-05-23,20.27,25.77,16.75,68.94,2.39,2.2,18.7
2022-05-24,22.21,30.84,14.83,52.44,0.02,2.52,20.75
2022-05-25,21.88,29.16,16.02,59.06,0.07,2.33,18.61
2022-05-26,22.07,30.01,15.51,58.61,0.07,2.15,20.68
2022-05-27,21.03,28.44,14.68,65.41,0.95,2.32,17.23
2022-05-28,19.36,25.21,15.29,72.47,1.93,3.01,14.71
2022-05-29,20.5,28.6,14.38,63.38,0.59,2.66,16.45
2022-05-30,19.57,26.38,14.82,63.29,0.68,2.28,15.8
2022-05-31,19.52,27.42,13.02,61.92,0.32,2.75,17.65
2022-06-01,20.11,27.92,14.12,65.98,0.18,3.09,19.01
2022-06-02,19.33,27.53,13.77,65.18,0.07,3.8,17.94
2022-06-03,18.72,27.18,12.46,63.23,0.04,3.21,17.0
2022-06-04,19.14,28.33,11.79,55.3,0.01,3.14,21.1
2022-06-05,19.71,28.59,10.57,54.54,0.01,2.14,24.18
2022-06-06,18.99,25.32,14.05,68.48,0.45,2.52,17.51
2022-06-07,18.78,24.97,14.43,65.36,0.76,2.35,13.85
2022-06-08,19.46,27.29,13.45,62.98,0.21,2.85,16.64
2022-06-09,19.41,26.93,13.37,63.73,0.31,2.41,15.26
2022-06-10,19.57,26.66,14.28,63.49,0.58,2.0,16.99
2022-06-11,20.04,26.79,14.5,62.26,0.22,2.68,16.99
2022-06-12,19.22,26.22,14.4,69.9,0.98,2.7,17.03
2022-06-13,19.54,27.11,13.56,64.26,0.83,2.43,13.64
2022-06-14,20.18,28.45,13.12,63.94,0.81,1.79,20.37
2022-06-15,21.24,30.46,14.02,57.47,0.06,2.47,20.21
2022-06-16,20.37,29.68,13.39,58.35,0.04,3.36,21.05
2022-06-17,20.5,28.78,14.49,61.9,0.1,3.0,19.51
2022-06-18,20.23,27.93,14.18,63.8,0.26,2.65,17.82
2022-06-19,19.69,27.29,13.94,65.44,0.42,2.61,12.84
2022-06-20,19.54,27.61,13.7,59.01,0.09,3.03,15.16
2022-06-21,19.46,27.82,12.37,56.08,0.03,2.75,21.79
2022-06-22,19.46,26.47,12.5,58.75,0.08,1.62,19.09
2022-06-23,19.44,27.7,13.5,65.85,0.44,2.57,12.74
2022-06-24,17.51,23.47,13.24,68.89,0.93,2.75,11.8
2022-06-25,17.96,24.79,12.49,65.86,0.36,2.26,10.7
2022-06-26,17.41,23.7,11.86,62.92,0.2,2.24,13.34
2022-06-27,18.32,25.32,12.56,62.19,0.15,2.63,15.97
2022-06-28,18.08,26.26,10.57,57.31,0.04,2.42,10.6
2022-06-29,18.5,27.94,10.7,58.82,0.11,2.73,17.06
2022-06-30,19.33,27.75,12.37,57.95,0.04,2.54,17.84
2022-07-01,18.85,26.96,13.18,61.28,0.03,2.77,11.82
2022-07-02,18.74,27.46,12.35,59.49,0.03,2.55,21.82
2022-07-03,19.17,28.01,12.69,56.61,0.05,2.38,21.18
2022-07-04,18.58,27.77,11.12,59.22,0.01,2.21,21.46
2022-07-05,19.4,26.66,13.03,60.88,0.12,1.76,16.89
2022-07-06,18.22,24.19,13.9,63.12,0.46,2.44,19.08
2022-07-07,18.31,24.25,12.99,66.89,0.16,2.25,16.28
