date,T2M,T2M_MAX,T2M_MIN,RH2M,PRECTOTCORR,WS2M,ALLSKY_SFC_SW_DWN
2016-05-05,24.86,31.63,20.78,76.12,9.96,0.82,17.45
2016-05-06,23.81,31.68,18.19,66.82,0.43,0.81,21.69
2016-05-07,23.95,32.43,18.22,62.53,0.1,0.6,21.35
2016-05-08,22.98,30.68,17.68,65.81,0.1,0.67,19.68
2016-05-09,23.5,31.42,16.8,68.68,5.98,0.63,17.39
2016-05-10,21.34,25.83,18.11,79.12,10.54,0.73,14.35
2016-05-11,23.25,31.07,18.09,73.31,0.68,0.74,19.13
2016-05-12,23.64,31.34,18.39,70.42,0.18,0.74,20.39
2016-05-13,23.45,31.29,18.08,70.74,0.1,0.67,17.54
2016-05-14,23.01,31.57,17.77,66.44,0.06,0.63,17.16
2016-05-15,22.58,32.27,16.11,61.79,0.01,0.6,22.35
2016-05-16,23.13,32.87,15.72,62.84,0.06,0.57,21.43
2016-05-17,24.11,32.71,17.51,68.78,1.2,0.59,21.25
2016-05-18,24.24,32.16,18.98,68.62,1.37,0.67,14.12
2016-05-19,23.47,31.7,17.75,66.54,0.61,0.75,13.97
2016-05-20,22.93,31.3,16.76,63.5,0.2,0.71,21.16
2016-05-21,23.14,31.46,16.48,62.6,0.06,0.75,16.84
2016-05-22,23.48,30.97,18.14,67.43,0.26,0.79,17.32
2016-05-23,22.99,29.55,18.33,67.18,0.28,0.81,14.33
2016-05-24,22.62,31.42,16.61,62.28,0.05,0.72,14.45
2016-05-25,22.42,30.89,15.4,66.97,0.13,0.7,14.48
2016-05-26,23.3,31.06,17.84,64.74,0.05,0.74,18.81
2016-05-27,22.7,29.74,17.61,63.51,0.02,0.67,17.89
2016-05-28,22.65,30.29,16.64,63.99,0.0,0.62,19.3
2016-05-29,23.07,31.84,16.43,61.0,0.01,0.72,21.58
2016-05-30,23.42,31.86,17.78,63.7,0.01,0.65,20.34
2016-05-31,23.76,31.8,17.69,66.43,0.02,0.63,19.22
2016-06-01,23.96,32.29,18.13,63.7,0.01,0.68,18.81
2016-06-02,23.82,32.36,16.87,63.97,0.01,0.73,20.43
2016-06-03,23.53,30.84,18.48,64.4,0.04,0.69,18.15
2016-06-04,23.73,31.88,17.07,62.92,0.0,0.75,18.74
2016-06-05,24.11,31.85,17.75,64.56,0.15,0.79,19.07
2016-06-06,24.13,31.18,19.23,65.79,0.51,0.92,17.75
2016-06-07,24.08,31.84,18.6,62.76,0.22,0.96,22.45
2016-06-08,23.1,31.2,17.28,59.51,0.2,1.03,22.73
2016-06-09,22.14,30.26,15.43,59.9,0.16,0.89,20.8
2016-06-10,22.17,30.13,15.79,61.52,0.2,0.87,17.46
2016-06-11,22.44,29.22,17.33,67.08,0.5,0.81,13.58
2016-06-12,23.3,31.04,17.71,64.19,0.06,0.89,14.16
2016-06-13,22.81,30.25,17.22,57.42,0.07,0.87,15.41
2016-06-14,23.13,31.99,17.33,52.84,0.0,0.85,22.34
2016-06-15,22.73,30.21,16.15,59.59,0.22,0.91,18.76
2016-06-16,22.87,30.16,17.94,62.28,0.28,0.77,18.41
2016-06-17,22.99,31.4,16.44,62.28,0.91,0.69,20.57
2016-06-18,22.27,29.19,17.59,72.9,2.95,0.78,11.38
2016-06-19,22.81,29.76,17.9,72.43,1.41,0.92,15.83
2016-06-20,22.79,29.96,18.48,74.91,3.22,1.0,13.39
2016-06-21,22.16,29.28,17.92,69.17,0.9,0.93,14.37
2016-06-22,21.54,28.17,17.6,68.49,0.75,0.91,8.47
2016-06-23,21.26,28.04,15.45,64.74,0.34,0.92,11.23
2016-06-24,21.74,29.65,16.44,60.09,0.16,1.09,15.12
2016-06-25,21.4,28.94,15.84,64.38,0.44,1.04,15.39
2016-06-26,21.79,29.38,15.74,68.19,0.37,1.02,12.66
2016-06-27,22.02,29.69,16.32,66.51,0.25,0.99,17.31
2016-06-28,22.31,30.87,16.04,64.22,0.22,0.96,18.93
2016-06-29,22.1,30.12,16.26,63.65,0.57,0.97,15.84
2016-06-30,21.93,30.66,15.67,60.77,0.05,0.96,18.83
2016-07-01,22.32,31.45,14.81,60.88,0.02,0.87,19.0
2016-07-02,23.24,30.96,16.95,66.09,0.06,0.95,13.38
2016-07-03,23.34,31.28,17.46,64.77,0.13,1.02,12.04
2016-07-04,22.42,30.51,16.96,54.3,0.05,1.29,22.81
2016-07-05,22.17,30.56,16.17,49.01,0.01,1.24,21.28
2016-07-06,22.4,30.92,16.09,58.05,0.01,1.06,16.89
2016-07-07,22.93,30.74,16.77,62.38,0.05,1.05,16.17
2016-07-08,22.43,29.03,17.11,60.46,0.03,1.29,12.42
2016-07-09,21.71,28.57,16.75,59.15,0.05,1.28,16.29
2016-07-10,21.43,29.38,14.82,54.28,0.01,1.18,15.59
2016-07-11,20.68,27.76,14.8,54.17,0.04,1.3,12.96
2016-07-12,20.23,28.2,13.88,52.92,0.13,1.19,13.3
2016-07-13,20.89,28.99,14.75,58.24,0.21,1.35,11.88
2016-07-14,21.67,29.77,16.03,57.28,0.04,1.22,17.27
2016-07-15,21.58,28.8,15.85,64.11,0.03,1.26,13.57
2016-07-16,21.88,29.53,16.34,62.82,0.02,1.37,12.88
2016-07-17,21.58,29.33,15.21,62.61,0.0,1.31,18.75
2016-07-18,21.99,29.42,16.33,61.33,0.01,1.33,13.77
2016-07-19,22.48,30.59,16.2,59.11,0.02,1.37,17.59
2016-07-20,22.41,30.2,16.68,59.39,0.22,1.25,18.09
2016-07-21,22.89,30.38,16.81,58.02,0.18,1.35,17.96
2016-07-22,23.03,31.0,17.67,58.64,0.18,1.27,22.31
2016-07-23,23.11,31.84,15.78,56.7,0.04,1.28,23.38
2016-07-24,23.03,31.85,15.04,58.9,0.09,1.44,20.23
2016-07-25,23.16,31.33,17.08,63.77,0.13,1.55,16.91
2016-07-26,22.98,30.78,17.12,62.37,0.1,1.52,20.37
2016-07-27,23.46,31.95,16.72,57.19,0.06,1.52,22.98
2016-07-28,23.19,31.64,16.98,58.52,0.06,1.62,22.51
2016-07-29,23.44,31.84,17.31,62.88,0.24,1.32,17.86
2016-07-30,23.45,31.47,16.81,57.48,0.02,1.39,21.86
2016-07-31,23.58,32.64,15.97,54.28,0.01,1.48,23.39
2016-08-01,23.01,31.2,17.18,55.7,0.02,1.45,23.48
2016-08-02,22.78,32.19,14.61,54.67,0.0,1.27,24.59
2016-08-03,23.06,32.48,14.58,56.02,0.0,1.44,22.97
2016-08-04,23.2,31.09,17.18,60.26,0.18,1.61,20.59
2016-08-05,22.75,30.56,16.89,60.03,0.28,1.81,14.94
2016-08-06,22.23,29.1,16.5,60.31,0.32,1.7,12.62
2016-08-07,22.34,29.14,16.55,61.38,0.21,1.84,14.13
2016-08-08,22.43,29.34,16.66,63.34,1.53,1.8,14.57
2016-08-09,21.91,29.27,15.87,65.31,0.48,1.93,12.64
2016-08-10,22.11,30.56,15.9,59.2,0.32,1.7,20.86
2016-08-11,22.44,30.47,16.22,62.41,0.34,1.84,17.61
2016-08-12,22.39,29.58,17.08,60.94,0.5,1.82,16.38
2016-08-13,22.11,29.67,15.58,61.82,0.4,1.57,16.8
2016-08-14,22.31,29.2,16.63,63.97,0.45,1.71,17.48
2016-08-15,22.84,30.72,16.55,63.9,0.27,1.78,17.09
2016-08-16,22.83,31.03,16.06,62.47,0.25,2.06,15.11
2016-08-17,22.83,30.98,16.03,62.02,0.18,1.82,22.07
2016-08-18,23.14,31.89,16.76,61.92,0.22,2.02,21.79
2016-08-19,23.44,31.9,17.25,61.23,0.12,2.0,20.06
2016-08-20,22.85,30.68,16.81,62.07,0.11,1.79,17.02
2016-08-21,23.74,32.99,17.07,56.99,0.11,1.76,22.75
2016-08-22,23.92,33.07,17.11,60.12,0.03,1.75,23.2
2016-08-23,23.58,32.44,17.27,58.88,0.08,2.08,20.36
2016-08-24,22.56,30.49,16.83,55.15,0.06,2.5,20.05
2016-08-25,22.55,31.25,15.87,59.2,0.12,2.25,20.57
2016-08-26,22.56,30.54,17.1,61.32,0.24,2.26,22.29
2016-08-27,22.3,30.45,16.34,60.67,0.29,2.1,20.93
2016-08-28,22.22,30.49,16.36,58.37,0.12,2.19,20.19
2016-08-29,21.09,28.9,14.75,67.21,0.55,2.18,18.35
2016-08-30,21.94,30.0,16.46,60.8,0.49,2.25,19.19
2016-08-31,22.24,30.88,16.06,61.9,0.13,2.01,21.36
2016-09-01,21.71,28.95,16.57,61.43,0.33,2.24,16.43
2016-09-02,21.39,28.65,15.74,60.51,0.27,2.22,16.04
2016-09-03,21.37,29.64,15.48,63.82,0.48,2.1,16.29
2016-09-04,22.07,29.33,16.13,60.97,0.12,2.0,20.99
2016-09-05,22.81,30.73,17.0,65.5,0.54,1.99,14.58
2016-09-06,22.78,30.57,16.77,60.45,0.11,1.8,19.4
2016-09-07,22.95,31.75,16.7,60.08,0.16,1.8,13.34
2016-09-08,23.16,32.68,16.09,55.52,0.08,1.75,25.61
2016-09-09,23.73,33.08,16.68,55.8,0.06,1.84,20.47
2016-09-10,23.25,32.05,16.0,64.27,0.47,2.05,19.43
2016-09-11,23.43,32.36,16.92,58.23,0.34,1.9,23.4
2016-09-12,23.66,32.83,17.17,59.48,0.26,1.96,21.97
2016-09-13,23.31,32.5,15.73,56.78,0.01,1.98,22.3
2016-09-14,23.55,32.28,17.37,61.6,0.12,2.05,11.66
2016-09-15,23.63,32.86,16.59,55.61,0.07,1.81,24.33
2016-09-16,24.13,33.24,17.46,57.03,0.03,1.82,20.98
2016-09-17,24.2,33.38,17.28,55.54,0.07,1.81,26.41
2016-09-18,23.51,32.32,16.99,58.66,0.07,1.96,21.57
2016-09-19,22.42,31.63,15.41,52.98,0.01,2.14,24.63
2016-09-20,22.6,31.73,16.07,57.94,0.06,1.81,21.04
2016-09-21,23.04,31.7,16.08,59.15,0.12,1.84,20.62
2016-09-22,23.08,30.88,15.85,59.64,0.04,1.71,23.04
2016-09-23,24.22,33.14,16.87,60.85,0.13,1.73,21.43
2016-09-24,24.0,32.2,17.51,61.45,0.16,1.6,17.37
2016-09-25,24.45,33.18,17.7,57.11,0.1,1.62,20.82
2016-09-26,24.41,33.21,17.64,55.97,0.11,1.77,24.38
2016-09-27,23.9,32.59,16.44,54.68,0.03,1.69,24.98
2016-09-28,23.53,29.94,17.84,67.71,0.87,1.51,17.55
2016-09-29,24.65,32.98,18.68,64.14,1.54,1.62,15.8
2016-09-30,24.44,32.92,18.07,57.27,0.12,1.66,24.08
2016-10-01,23.83,30.74,17.92,59.32,0.12,1.45,22.82
2016-10-02,23.93,30.83,17.92,61.19,0.75,1.42,16.66
2016-10-03,24.95,33.09,18.51,60.54,0.74,1.25,23.8
2016-10-04,24.74,32.81,17.96,57.89,1.45,1.23,22.56
2016-10-05,24.48,33.6,17.55,54.88,0.44,1.27,18.1
2016-10-06,24.78,33.66,18.06,57.61,0.39,1.24,23.88
2016-10-07,25.27,34.4,18.39,56.62,0.34,1.1,26.11
2016-10-08,25.45,34.06,18.41,55.04,0.05,1.24,25.89
2016-10-09,25.09,33.16,18.77,60.8,0.31,1.37,20.84
2016-10-10,25.07,33.47,18.47,58.09,0.11,1.36,19.94
2016-10-11,24.66,33.19,17.36,54.26,0.05,1.38,25.08
2016-10-12,24.01,33.36,16.86,52.1,0.06,1.25,25.63
2016-10-13,24.31,34.32,15.23,47.77,0.01,1.29,27.86
2016-10-14,24.47,34.44,15.45,52.63,0.0,1.28,27.06
2016-10-15,24.66,34.29,17.49,51.39,0.0,1.18,26.82
2016-10-16,24.56,34.46,15.54,54.0,0.0,1.09,25.41
2016-10-17,25.17,34.98,16.74,52.1,0.0,1.11,26.43
2016-10-18,25.43,34.71,18.13,52.69,0.07,1.14,26.24
2016-10-19,24.94,33.79,17.74,58.48,0.17,1.29,23.64
2016-10-20,24.28,33.08,16.92,54.11,0.04,1.4,24.36
2016-10-21,24.79,33.84,17.33,56.99,0.05,1.18,25.47
2016-10-22,24.95,34.08,17.7,55.54,0.09,1.19,26.95
2016-10-23,25.06,34.5,17.97,54.87,0.17,1.06,26.41
2016-10-24,25.32,34.54,18.15,52.24,0.04,1.03,24.24
2016-10-25,25.56,34.12,18.41,60.7,0.18,0.97,20.85
2016-10-26,25.39,33.29,19.23,62.12,0.27,1.0,20.91
2016-10-27,25.4,33.53,18.86,61.69,0.26,0.92,20.86
2016-10-28,25.67,32.85,19.12,57.08,0.11,0.9,18.31
2016-10-29,26.14,34.99,17.35,53.51,0.02,0.81,25.96
2016-10-30,26.89,35.89,19.18,54.33,0.12,0.76,23.1
2016-10-31,26.82,35.04,19.95,55.8,0.08,0.73,22.99
2016-11-01,26.18,33.97,19.71,60.35,0.16,0.73,18.63
2016-11-02,25.54,32.61,19.73,64.19,1.23,0.71,19.3
2016-11-03,24.98,31.96,19.97,70.14,5.07,0.81,17.95
2016-11-04,24.73,31.49,19.91,70.65,2.88,0.69,19.36
2016-11-05,25.34,33.31,19.21,64.03,1.07,0.73,20.43
2016-11-06,25.47,33.98,18.75,60.2,0.43,0.79,21.34
2016-11-07,25.69,34.14,19.13,54.41,0.15,0.8,24.79
2016-11-08,25.66,34.19,18.51,55.39,0.15,0.76,23.22
2016-11-09,26.03,34.23,18.83,57.75,0.22,0.68,20.71
2016-11-10,24.81,31.49,19.78,68.23,2.76,0.59,20.15
2016-11-11,24.45,31.15,19.92,71.56,3.75,0.55,19.23
2016-11-12,24.15,30.16,19.93,72.14,5.31,0.54,19.4
2016-11-13,23.97,30.18,20.07,75.91,8.19,0.61,16.66
2016-11-14,23.44,29.23,19.93,77.61,12.05,0.62,18.8
2016-11-15,23.57,30.12,19.12,76.35,6.58,0.61,18.25
2016-11-16,23.59,30.03,18.36,71.44,2.58,0.5,21.03
2016-11-17,24.11,32.35,18.31,70.48,2.38,0.47,19.42
2016-11-18,24.43,31.58,19.26,75.07,5.02,0.43,20.27
2016-11-19,24.2,30.84,19.82,76.13,6.81,0.53,19.18
2016-11-20,24.53,31.67,19.4,73.07,2.3,0.45,19.57
2016-11-21,24.52,32.77,19.5,69.34,2.65,0.47,20.02
2016-11-22,24.25,33.34,17.09,65.16,0.25,0.48,21.43
2016-11-23,24.34,33.84,16.62,59.68,0.08,0.41,20.51
2016-11-24,24.19,31.92,19.7,73.63,3.83,0.39,17.66
2016-11-25,24.59,34.3,16.68,61.7,0.27,0.39,20.99
2016-11-26,24.89,33.45,18.82,64.03,1.27,0.37,20.45
2016-11-27,24.83,32.47,19.44,71.12,2.68,0.4,19.04
2016-11-28,24.46,31.84,19.54,75.44,5.32,0.42,16.98
2016-11-29,24.55,31.88,19.56,74.88,3.0,0.42,18.71
2016-11-30,23.68,30.37,19.76,76.73,8.76,0.44,19.1
2016-12-01,24.6,32.11,18.97,71.41,3.49,0.34,21.24
2016-12-02,24.19,31.19,18.98,72.7,2.44,0.31,20.89
2016-12-03,23.58,29.82,19.5,78.77,9.1,0.35,17.78
2016-12-04,23.73,30.62,19.59,77.1,7.14,0.4,20.61
2016-12-05,23.83,31.0,19.3,75.46,6.37,0.35,23.4
2016-12-06,24.0,31.55,18.97,73.07,2.67,0.31,22.13
2016-12-07,24.11,31.14,19.08,72.84,0.89,0.33,19.85
2016-12-08,23.97,31.43,18.6,71.65,0.75,0.29,21.45
2016-12-09,24.03,31.82,18.68,71.86,0.79,0.23,23.68
2016-12-10,24.44,32.04,18.89,71.46,0.96,0.25,20.53
2016-12-11,24.46,31.55,19.31,72.61,2.03,0.27,20.43
2016-12-12,24.1,31.27,19.27,75.3,4.13,0.27,18.66
2016-12-13,24.06,30.86,19.95,75.21,3.83,0.31,21.32
2016-12-14,23.97,31.18,19.28,73.05,1.6,0.25,20.92
2016-12-15,25.07,33.23,19.07,67.16,0.46,0.21,24.46
2016-12-16,25.29,33.29,19.24,66.28,0.81,0.2,22.88
2016-12-17,25.73,34.02,20.15,62.42,0.25,0.24,24.83
2016-12-18,25.3,33.29,19.56,65.27,0.33,0.28,21.51
2016-12-19,25.17,33.61,19.73,62.68,0.18,0.26,23.92
2016-12-20,25.28,33.74,18.35,58.91,0.09,0.33,23.26
2016-12-21,24.84,31.7,19.74,71.14,1.54,0.26,21.09
2016-12-22,24.93,31.7,20.36,69.83,0.59,0.34,19.54
2016-12-23,24.98,32.79,19.3,65.62,0.12,0.26,21.12
2016-12-24,24.89,32.57,18.99,66.22,0.09,0.25,16.19
2016-12-25,25.59,33.45,19.39,62.75,0.04,0.25,19.13
2016-12-26,25.49,33.14,19.73,63.32,0.32,0.29,20.02
2016-12-27,24.86,31.44,20.26,69.42,3.44,0.28,21.13
2016-12-28,24.92,31.33,19.31,64.62,1.08,0.27,24.78
2016-12-29,24.87,31.6,19.94,64.33,0.47,0.23,22.77
2016-12-30,24.85,31.84,19.68,68.27,1.28,0.24,17.93
2016-12-31,24.89,31.96,19.81,69.82,2.91,0.26,16.99
2017-01-01,24.96,32.35,19.94,67.64,0.46,0.23,18.11
2017-01-02,25.78,34.0,19.61,60.81,0.13,0.26,21.85
2017-01-03,25.53,33.93,19.3,60.42,0.05,0.27,23.41
2017-01-04,25.19,33.97,19.08,60.53,0.07,0.25,22.86
2017-01-05,25.85,33.97,19.35,60.22,0.06,0.26,19.54
2017-01-06,26.25,34.61,19.83,57.99,0.05,0.23,22.01
2017-01-07,26.12,34.42,19.74,56.05,0.05,0.24,25.0
2017-01-08,26.18,34.66,18.9,49.4,0.02,0.29,24.68
2017-01-09,25.83,33.54,20.51,48.89,0.09,0.27,23.75
2017-01-10,25.11,33.46,19.35,56.52,0.08,0.24,20.71
2017-01-11,23.91,31.21,18.23,54.2,0.08,0.29,24.72
2017-01-12,24.41,33.65,16.39,47.95,0.01,0.29,26.4
2017-01-13,24.92,34.3,18.25,55.48,0.28,0.22,26.09
2017-01-14,25.9,35.03,18.58,53.93,0.23,0.23,26.04
2017-01-15,25.74,33.93,19.1,57.05,0.18,0.28,25.71
2017-01-16,25.44,33.77,19.52,56.78,0.11,0.25,23.23
2017-01-17,25.25,33.89,19.07,56.63,0.12,0.24,21.92
2017-01-18,25.5,33.87,17.74,55.58,0.1,0.28,21.11
2017-01-19,26.91,35.38,19.47,53.91,0.07,0.25,23.64
2017-01-20,26.23,34.91,20.08,52.49,0.03,0.25,25.76
2017-01-21,25.64,33.61,19.23,57.7,0.18,0.26,23.01
2017-01-22,25.32,32.8,19.84,60.17,0.2,0.29,20.15
2017-01-23,25.69,33.74,19.23,57.17,0.1,0.27,20.79
2017-01-24,25.76,34.76,18.63,54.13,0.06,0.26,26.23
2017-01-25,26.66,35.39,19.11,53.83,0.12,0.27,26.32
2017-01-26,26.14,33.6,19.43,56.03,0.16,0.28,24.8
2017-01-27,26.39,35.01,19.65,54.78,0.28,0.28,22.87
2017-01-28,26.81,34.75,20.57,55.98,0.5,0.24,22.53
2017-01-29,26.98,34.85,20.61,57.83,1.2,0.24,23.31
2017-01-30,27.13,34.87,20.28,57.37,0.5,0.28,25.6
2017-01-31,26.06,32.71,20.84,63.99,4.53,0.29,17.81
2017-02-01,25.93,33.48,20.03,66.37,3.11,0.23,18.94
2017-02-02,26.54,34.53,20.41,63.19,2.41,0.27,21.14
2017-02-03,26.5,35.08,19.89,59.86,1.23,0.3,26.06
2017-02-04,26.43,34.2,19.48,55.5,0.35,0.35,20.49
2017-02-05,25.63,33.27,19.55,61.87,0.18,0.33,24.15
2017-02-06,26.29,33.51,20.73,63.18,0.09,0.36,16.93
2017-02-07,26.44,33.95,20.28,61.05,0.04,0.31,18.11
2017-02-08,26.76,34.62,20.07,58.13,0.03,0.36,18.27
2017-02-09,26.55,34.1,20.23,59.16,0.05,0.39,20.89
2017-02-10,26.27,34.27,19.97,57.18,0.01,0.38,17.43
2017-02-11,26.1,34.75,20.07,54.36,0.01,0.38,23.1
2017-02-12,25.61,35.14,17.71,52.79,0.0,0.35,25.52
2017-02-13,26.62,35.44,18.72,53.84,0.0,0.36,20.87
2017-02-14,26.71,33.96,20.53,56.77,0.01,0.43,17.93
2017-02-15,26.7,35.16,19.83,51.48,1.79,0.4,24.3
2017-02-16,25.91,33.71,19.97,59.23,2.92,0.39,24.56
2017-02-17,25.79,33.18,20.05,62.88,1.92,0.35,24.96
2017-02-18,26.12,33.78,19.67,62.16,3.27,0.38,23.83
2017-02-19,25.96,33.65,20.0,62.02,0.65,0.36,22.46
2017-02-20,25.48,32.49,19.94,63.25,0.95,0.42,17.44
2017-02-21,25.91,34.27,18.64,54.77,0.05,0.39,23.4
2017-02-22,25.43,32.25,20.73,60.17,0.29,0.31,15.17
2017-02-23,25.38,32.69,20.47,62.74,1.02,0.29,20.41
2017-02-24,26.02,33.08,20.46,64.67,1.15,0.4,19.93
2017-02-25,26.39,34.42,19.96,59.53,0.2,0.44,17.53
2017-02-26,25.93,33.26,19.72,59.11,0.11,0.35,22.33
2017-02-27,25.46,32.66,19.73,60.94,0.17,0.38,23.19
2017-02-28,25.94,32.41,20.54,61.15,0.27,0.41,20.45
2017-03-01,26.32,33.95,19.92,58.46,0.27,0.44,18.62
2017-03-02,27.17,35.89,19.9,54.98,0.09,0.4,24.03
2017-03-03,27.55,35.41,21.05,55.84,0.33,0.38,26.34
2017-03-04,27.95,36.29,20.93,51.2,0.12,0.35,25.17
2017-03-05,27.92,36.89,20.36,48.37,0.06,0.4,26.65
2017-03-06,27.74,37.11,19.44,51.17,0.02,0.37,26.55
2017-03-07,28.29,37.37,21.11,46.7,0.02,0.44,27.63
2017-03-08,27.46,35.72,21.1,49.88,0.03,0.44,26.69
2017-03-09,27.69,35.44,20.95,54.12,0.02,0.43,25.24
2017-03-10,27.99,35.99,21.86,54.87,0.07,0.46,24.93
2017-03-11,27.56,34.64,21.53,58.66,0.09,0.51,21.78
2017-03-12,27.01,34.48,21.23,56.71,0.13,0.55,19.42
2017-03-13,27.71,36.92,19.51,48.61,0.08,0.46,26.74
2017-03-14,27.62,35.57,21.15,58.25,0.09,0.53,24.21
2017-03-15,27.45,35.39,21.44,60.3,0.19,0.56,22.69
2017-03-16,27.44,35.03,21.92,57.75,0.25,0.58,24.69
2017-03-17,27.48,34.61,21.06,58.53,0.26,0.49,23.82
2017-03-18,25.53,30.25,21.78,68.32,0.92,0.53,20.36
2017-03-19,26.12,33.18,21.13,64.87,0.62,0.55,23.18
2017-03-20,26.72,33.71,20.52,60.09,0.23,0.5,23.9
2017-03-21,27.02,33.96,21.27,61.83,0.19,0.64,23.0
2017-03-22,26.91,34.16,21.2,62.22,1.61,0.64,24.22
2017-03-23,26.9,34.86,20.61,64.7,2.16,0.54,25.15
2017-03-24,27.26,35.22,20.51,61.26,0.6,0.56,24.25
2017-03-25,27.31,35.28,20.64,61.45,0.57,0.51,24.89
2017-03-26,26.75,33.39,21.08,64.64,2.18,0.5,24.41
2017-03-27,26.37,33.23,21.65,68.23,1.24,0.49,24.67
2017-03-28,25.74,32.38,21.33,70.53,1.04,0.52,22.61
2017-03-29,26.07,32.73,20.7,66.47,1.08,0.55,21.96
2017-03-30,25.81,33.21,20.45,68.35,2.06,0.58,19.83
2017-03-31,26.1,33.65,20.77,64.47,1.1,0.57,21.5
2017-04-01,26.64,34.91,20.08,59.58,0.62,0.52,23.02
2017-04-02,26.87,35.21,20.21,59.92,1.0,0.54,25.52
2017-04-03,26.58,35.06,20.04,57.22,0.68,0.59,25.75
2017-04-04,25.38,33.01,19.7,66.92,2.25,0.8,24.01
2017-04-05,24.91,33.51,18.96,62.65,3.27,0.69,23.98
2017-04-06,24.76,33.77,18.13,69.83,2.49,0.68,22.09
2017-04-07,23.65,30.93,19.69,75.99,49.05,0.5,19.81
2017-04-08,23.71,30.6,18.41,74.26,1.41,0.47,22.24
2017-04-09,24.88,32.38,19.48,71.38,0.18,0.53,21.1
2017-04-10,24.59,31.82,19.56,74.33,1.67,0.51,20.95
2017-04-11,24.96,32.61,19.3,70.48,0.34,0.55,22.47
2017-04-12,25.2,32.83,19.59,68.63,0.11,0.59,22.01
2017-04-13,25.46,33.66,19.61,65.88,0.08,0.52,25.73
2017-04-14,25.32,33.64,18.71,62.22,0.02,0.51,25.2
2017-04-15,25.77,33.64,20.29,68.44,0.43,0.64,23.04
2017-04-16,25.59,34.07,19.86,68.56,1.91,0.61,21.96
2017-04-17,25.67,34.25,18.96,69.94,2.29,0.58,22.01
2017-04-18,25.19,32.89,20.16,72.24,2.93,0.63,18.88
2017-04-19,25.43,33.54,19.81,69.91,2.76,0.51,20.03
2017-04-20,24.71,31.48,20.32,74.6,3.94,0.58,18.16
2017-04-21,25.47,33.81,19.68,66.31,0.45,0.58,20.99
2017-04-22,24.75,33.33,18.64,66.64,0.38,0.57,22.24
2017-04-23,25.25,34.08,18.43,67.92,0.38,0.57,21.47
2017-04-24,25.9,33.52,20.1,67.15,0.2,0.66,21.5
2017-04-25,25.15,32.61,20.14,67.24,3.96,0.73,21.34
2017-04-26,25.46,33.54,19.7,68.08,0.77,0.72,22.32
2017-04-27,24.77,32.62,19.74,73.99,5.63,0.79,21.62
2017-04-28,25.15,33.51,19.05,66.77,1.55,0.78,23.78
2017-04-29,23.65,30.38,19.21,73.64,6.84,0.82,19.46
2017-04-30,23.47,31.09,18.36,70.09,2.36,0.76,16.73
2017-05-01,22.87,29.76,17.33,70.61,1.41,0.75,17.07
2017-05-02,23.73,31.82,18.31,68.29,4.45,0.83,17.43
2017-05-03,22.1,27.8,17.88,79.65,17.95,0.72,17.52
2017-05-04,23.04,30.52,17.63,76.12,4.4,0.71,19.95
2017-05-05,22.7,29.43,17.65,77.73,10.94,0.66,18.0
2017-05-06,23.66,30.29,19.08,77.74,2.73,0.66,20.2
2017-05-07,23.66,30.66,18.73,77.26,4.33,0.62,16.76
2017-05-08,22.56,28.35,19.3,84.58,9.87,0.67,15.95
2017-05-09,21.82,25.84,19.45,87.99,31.61,0.67,19.68
2017-05-10,23.3,30.71,17.72,79.96,3.8,0.59,21.57
2017-05-11,23.62,29.44,19.45,82.08,11.39,0.69,17.64
2017-05-12,24.08,31.36,19.63,77.65,4.5,0.71,21.42
2017-05-13,23.25,30.68,18.07,74.06,0.21,0.69,23.44
2017-05-14,22.99,30.09,17.89,75.39,0.41,0.73,20.16
2017-05-15,23.31,30.51,17.97,74.56,0.21,0.69,18.19
2017-05-16,23.57,31.71,18.19,72.49,0.31,0.64,21.11
2017-05-17,22.72,28.65,18.45,80.41,2.0,0.68,18.12
2017-05-18,23.16,30.18,19.04,77.53,0.45,0.67,13.3
2017-05-19,23.08,30.87,18.23,71.27,0.29,0.67,19.63
2017-05-20,22.96,31.06,17.2,75.14,1.19,0.72,13.26
2017-05-21,22.94,29.6,18.43,76.94,1.86,0.8,18.96
2017-05-22,23.12,30.42,18.13,75.13,3.48,0.78,15.9
2017-05-23,22.83,30.29,17.56,76.09,0.66,0.71,14.5
2017-05-24,23.07,30.81,17.34,76.38,1.17,0.7,17.15
2017-05-25,23.18,31.3,18.18,73.51,0.57,0.7,23.18
2017-05-26,22.65,31.95,16.69,68.58,0.1,0.64,23.95
2017-05-27,23.53,32.1,16.84,72.51,0.43,0.63,21.13
2017-05-28,24.39,32.06,18.89,73.86,0.82,0.7,17.64
2017-05-29,23.82,31.62,18.9,71.79,0.4,0.74,19.05
2017-05-30,23.53,31.31,18.47,70.38,0.35,0.77,18.78
2017-05-31,23.09,30.86,17.78,71.55,0.33,0.77,20.59
2017-06-01,23.17,31.31,16.68,71.46,0.18,0.74,19.66
2017-06-02,23.63,31.15,18.05,71.6,0.3,0.83,17.39
2017-06-03,23.79,31.22,18.72,73.16,0.64,0.77,17.98
2017-06-04,23.4,31.51,18.43,70.37,0.2,0.78,17.21
2017-06-05,23.08,31.6,17.12,67.49,0.08,0.71,20.81
2017-06-06,23.36,30.99,18.36,69.27,0.15,0.83,18.0
2017-06-07,23.37,30.97,17.95,69.93,0.14,0.78,18.45
2017-06-08,22.9,30.17,17.83,69.42,0.06,0.69,18.28
2017-06-09,23.14,30.82,17.72,68.94,0.08,0.79,18.98
2017-06-10,22.46,30.7,17.29,66.71,0.31,0.92,18.62
2017-06-11,22.08,30.33,15.86,67.88,0.13,0.87,19.6
2017-06-12,22.58,29.86,17.0,75.42,4.93,0.88,13.15
2017-06-13,22.66,30.3,16.84,71.62,0.7,0.83,18.74
2017-06-14,23.11,30.63,17.42,71.53,0.74,0.96,20.79
2017-06-15,22.4,28.04,18.23,72.36,0.41,0.82,19.31
2017-06-16,23.06,31.11,17.28,68.44,0.08,0.81,20.73
2017-06-17,22.26,30.16,16.56,67.99,0.28,0.9,18.63
2017-06-18,22.29,28.9,17.26,68.05,0.1,0.91,20.68
2017-06-19,22.7,30.23,16.79,70.39,1.07,1.01,12.94
2017-06-20,22.64,30.84,17.05,66.54,0.31,0.86,18.0
2017-06-21,22.41,31.09,16.16,65.77,0.17,0.75,20.16
2017-06-22,22.15,29.65,16.5,68.05,0.23,0.8,15.19
2017-06-23,22.69,31.37,15.69,60.67,0.03,0.86,20.76
2017-06-24,23.03,30.49,17.77,72.39,1.04,0.99,15.6
2017-06-25,23.36,31.25,17.47,68.81,0.33,0.92,18.06
2017-06-26,22.26,29.25,17.15,65.54,0.04,1.12,14.78
2017-06-27,21.95,29.41,16.0,68.58,0.18,1.12,17.43
2017-06-28,21.96,29.33,16.76,68.66,0.13,1.01,21.31
2017-06-29,22.09,30.06,15.73,70.56,0.18,1.1,17.68
2017-06-30,22.45,29.98,17.2,65.49,0.08,1.21,15.49
2017-07-01,22.07,30.25,16.22,64.46,0.02,1.06,21.65
2017-07-02,22.12,29.91,16.19,66.01,0.06,0.9,17.12
2017-07-03,21.83,27.71,17.29,68.95,0.06,0.97,11.52
2017-07-04,21.8,28.53,17.64,67.85,0.09,1.08,14.08
2017-07-05,21.48,27.72,16.85,65.94,0.19,1.16,18.26
2017-07-06,21.34,28.85,15.28,67.11,0.29,1.2,17.22
2017-07-07,22.36,30.43,15.8,62.46,0.06,1.27,18.51
2017-07-08,21.82,28.91,16.52,65.43,0.22,1.37,18.96
2017-07-09,21.78,30.48,15.58,62.5,0.06,1.13,23.52
2017-07-10,21.88,30.75,14.4,61.16,0.02,0.96,21.89
2017-07-11,22.23,29.91,16.51,66.91,0.44,0.92,14.07
2017-07-12,22.94,30.87,17.01,64.47,0.25,1.06,19.52
2017-07-13,22.87,31.25,17.27,64.16,0.46,1.18,13.71
2017-07-14,22.25,29.49,16.5,63.34,0.25,1.0,18.56
2017-07-15,21.69,29.49,15.75,63.17,0.08,1.14,15.69
2017-07-16,22.8,30.61,15.82,59.31,0.01,1.15,19.81
2017-07-17,23.51,31.68,16.94,64.63,0.03,1.35,18.6
2017-07-18,23.49,32.06,16.96,59.57,0.01,1.32,23.18
2017-07-19,23.12,31.52,16.37,61.71,0.02,1.47,21.82
2017-07-20,23.56,31.18,17.94,64.44,0.06,1.52,17.83
2017-07-21,23.03,30.57,17.7,65.03,0.16,1.46,15.07
2017-07-22,22.92,30.19,17.26,64.69,0.13,1.42,13.58
2017-07-23,22.42,29.32,17.42,66.08,0.13,1.38,11.73
2017-07-24,23.17,30.97,17.24,58.36,0.06,1.52,18.48
2017-07-25,23.21,31.27,16.92,56.21,0.01,1.5,19.95
2017-07-26,23.08,30.66,17.04,61.59,0.08,1.45,18.96
2017-07-27,23.02,31.04,17.84,63.46,0.26,1.63,12.79
2017-07-28,22.93,31.04,17.33,60.03,0.07,1.46,14.54
2017-07-29,22.65,31.09,15.44,55.64,0.01,1.44,23.53
2017-07-30,22.81,30.56,16.8,60.43,0.66,1.56,18.31
2017-07-31,22.86,29.52,18.33,69.08,2.21,1.73,14.04
2017-08-01,23.05,31.19,16.83,63.22,0.9,1.59,20.02
2017-08-02,22.17,29.51,17.66,69.55,2.99,1.51,15.31
2017-08-03,22.0,29.48,17.05,70.28,1.69,1.46,14.88
2017-08-04,22.43,30.24,16.46,68.19,0.24,1.58,14.68
2017-08-05,22.24,29.98,16.32,64.58,0.1,1.48,15.67
2017-08-06,22.93,30.95,17.25,66.65,0.14,1.67,17.71
2017-08-07,22.85,30.52,17.26,62.48,0.04,1.9,19.22
2017-08-08,21.9,28.15,17.1,63.66,0.1,1.85,18.74
2017-08-09,22.07,29.81,16.74,65.62,0.5,1.85,16.12
2017-08-10,22.51,30.68,16.66,57.31,0.16,2.05,23.69
2017-08-11,22.29,30.2,16.08,63.57,0.2,1.99,17.6
2017-08-12,22.73,30.44,17.14,60.26,0.12,1.98,18.09
2017-08-13,22.87,31.55,15.25,61.0,0.09,1.96,20.63
2017-08-14,22.38,29.96,16.11,68.48,1.69,1.87,13.36
2017-08-15,22.58,30.26,17.1,66.31,2.39,1.98,16.03
2017-08-16,22.85,31.33,16.45,64.12,0.4,1.67,18.17
2017-08-17,23.47,32.25,16.79,62.41,0.49,1.63,23.33
2017-08-18,23.71,32.73,15.52,59.35,0.11,1.53,24.3
2017-08-19,23.97,31.65,17.84,65.68,0.43,2.07,16.62
2017-08-20,23.42,31.61,16.82,64.96,0.55,1.91,17.09
2017-08-21,23.08,30.68,17.64,66.82,0.41,2.14,14.84
2017-08-22,23.38,31.42,17.47,64.97,0.23,1.9,19.38
2017-08-23,24.2,32.8,17.66,61.36,0.13,1.82,23.32
2017-08-24,24.1,33.12,17.85,56.35,0.07,1.72,22.78
2017-08-25,23.75,32.64,17.33,58.71,0.01,1.86,23.36
2017-08-26,23.47,32.27,17.24,51.47,0.0,2.0,25.89
2017-08-27,23.54,32.8,15.82,54.21,0.0,1.95,24.92
2017-08-28,23.19,30.57,17.98,62.19,0.03,2.08,16.13
2017-08-29,23.14,30.99,17.0,59.19,0.06,2.0,19.56
2017-08-30,23.8,33.03,17.24,58.61,0.11,1.77,22.03
2017-08-31,24.0,32.05,18.34,58.84,0.58,1.75,17.74
2017-09-01,23.99,32.63,17.51,52.19,0.02,1.81,20.87
2017-09-02,23.76,32.07,17.42,59.68,0.13,1.84,17.05
2017-09-03,23.73,31.29,18.08,61.29,0.11,1.98,15.43
2017-09-04,23.77,31.88,18.39,59.55,0.12,2.01,18.16
2017-09-05,23.7,31.52,17.82,60.4,0.08,1.93,20.83
2017-09-06,23.97,32.49,17.72,54.38,0.06,1.93,23.62
2017-09-07,23.68,32.45,16.05,59.01,0.05,1.85,21.13
2017-09-08,24.02,31.79,18.08,61.94,0.75,1.97,20.67
2017-09-09,23.69,31.36,18.08,64.45,1.84,2.15,13.38
2017-09-10,23.63,32.22,17.46,61.41,0.29,2.23,19.35
2017-09-11,24.05,33.11,17.75,58.52,0.2,2.13,19.96
2017-09-12,22.58,28.16,17.26,60.55,0.87,1.71,20.44
2017-09-13,23.4,31.05,17.78,61.63,0.64,2.0,16.95
2017-09-14,23.43,31.09,17.39,61.86,0.5,1.93,17.06
2017-09-15,24.4,33.02,17.95,60.44,0.3,1.63,18.63
2017-09-16,24.92,34.17,17.79,57.84,0.13,1.56,25.03
2017-09-17,25.23,34.92,18.11,51.36,0.06,1.68,27.11
2017-09-18,24.58,34.17,16.56,52.7,0.04,1.73,26.35
2017-09-19,23.94,32.29,16.99,67.16,2.89,1.83,20.39
2017-09-20,23.72,31.71,18.62,72.13,6.05,2.02,15.32
2017-09-21,23.4,31.21,18.0,68.92,2.18,1.81,21.52
2017-09-22,22.63,31.92,15.76,59.67,0.05,1.62,25.72
2017-09-23,23.15,32.86,15.68,55.81,0.02,1.39,26.22
2017-09-24,23.45,32.85,16.1,58.21,0.01,1.43,24.92
2017-09-25,24.1,32.68,17.67,60.72,0.03,1.48,23.97
2017-09-26,24.49,33.51,17.56,57.51,0.01,1.35,25.75
2017-09-27,24.9,34.03,18.19,55.78,0.01,1.46,25.79
2017-09-28,24.5,33.3,17.79,60.68,0.28,1.72,22.94
2017-09-29,24.52,32.84,18.54,59.51,0.25,1.8,23.22
2017-09-30,24.26,33.36,17.28,59.13,0.12,1.69,22.61
2017-10-01,24.51,33.44,18.03,58.85,0.32,1.71,24.0
2017-10-02,24.62,34.16,17.59,57.12,0.15,1.45,26.96
2017-10-03,25.09,34.56,17.37,53.72,0.01,1.38,27.16
2017-10-04,24.68,34.07,15.77,60.4,0.07,1.46,25.15
2017-10-05,25.63,35.0,17.72,55.23,0.04,1.52,26.55
2017-10-06,25.11,34.49,17.47,57.07,0.06,1.34,25.89
2017-10-07,24.86,34.07,16.95,57.62,0.04,1.43,26.17
2017-10-08,25.21,34.28,18.09,58.33,1.35,1.41,24.73
2017-10-09,25.09,34.11,18.27,59.13,1.74,1.12,19.21
2017-10-10,25.58,35.33,18.33,56.72,1.81,1.03,27.1
2017-10-11,26.04,35.74,18.13,53.48,0.09,1.01,26.36
2017-10-12,26.69,36.08,18.63,55.33,0.33,1.01,25.57
2017-10-13,26.6,35.8,19.37,55.76,0.42,1.11,24.65
2017-10-14,25.45,34.66,17.97,54.87,0.09,1.29,27.22
2017-10-15,26.29,35.34,19.19,57.35,0.21,1.2,23.21
2017-10-16,26.45,34.89,19.46,55.73,0.07,1.01,24.5
2017-10-17,27.24,36.55,19.57,51.04,0.03,0.93,25.47
2017-10-18,26.91,35.38,18.98,55.73,0.36,0.95,24.71
2017-10-19,26.16,33.78,20.17,62.67,3.01,1.11,19.26
2017-10-20,26.24,35.21,19.36,59.26,0.57,1.1,19.47
2017-10-21,25.48,34.09,19.37,58.92,0.75,1.11,20.32
2017-10-22,25.43,34.67,18.53,55.98,0.08,1.16,27.54
2017-10-23,23.98,29.52,19.23,65.31,2.5,1.17,12.53
2017-10-24,25.31,33.39,19.45,60.06,1.9,1.15,20.36
2017-10-25,25.01,32.5,19.94,71.19,4.47,1.08,17.14
2017-10-26,24.71,32.0,19.65,72.72,2.99,0.87,17.82
2017-10-27,25.2,32.5,19.65,68.82,1.24,0.81,20.98
2017-10-28,25.19,32.38,20.04,68.4,2.94,0.8,20.77
2017-10-29,24.49,31.67,19.44,70.85,4.56,0.88,20.76
2017-10-30,23.96,30.42,18.97,67.58,0.86,0.87,21.82
2017-10-31,24.45,33.26,16.84,60.95,0.49,0.8,25.43
2017-11-01,24.16,32.41,18.06,69.06,5.28,0.92,17.74
2017-11-02,23.69,31.07,18.45,75.16,8.71,0.89,16.4
2017-11-03,23.57,30.67,18.3,74.85,5.16,0.8,13.64
2017-11-04,23.78,30.73,18.79,76.05,5.96,0.81,18.95
2017-11-05,23.55,30.7,18.45,75.89,4.26,0.77,19.77
2017-11-06,24.45,33.05,17.85,70.29,2.19,0.64,20.51
2017-11-07,23.54,29.68,19.19,75.57,2.23,0.47,21.4
2017-11-08,23.12,29.27,19.13,83.3,44.02,0.48,19.77
2017-11-09,23.63,29.36,20.22,81.48,3.24,0.53,21.39
2017-11-10,23.07,29.07,19.46,83.04,18.34,0.43,19.64
2017-11-11,23.54,30.96,18.86,77.92,16.35,0.41,21.11
2017-11-12,24.02,31.93,18.38,73.89,0.1,0.44,22.71
2017-11-13,23.94,32.43,18.75,77.31,2.18,0.45,19.02
2017-11-14,23.8,30.58,19.28,78.76,2.62,0.52,19.85
2017-11-15,22.72,28.26,19.07,82.73,8.1,0.35,21.15
2017-11-16,24.14,31.0,19.91,78.31,1.28,0.51,21.71
2017-11-17,23.46,30.17,19.31,79.39,2.66,0.49,20.81
2017-11-18,23.92,31.64,18.56,76.15,2.35,0.41,19.14
2017-11-19,23.44,29.78,19.64,80.05,4.17,0.49,15.3
2017-11-20,23.22,29.82,19.27,79.55,1.62,0.42,17.02
2017-11-21,23.41,30.34,18.92,77.97,2.79,0.43,16.08
2017-11-22,23.73,31.09,18.78,76.86,3.66,0.36,22.07
2017-11-23,24.0,31.13,18.93,76.7,3.92,0.35,21.17
2017-11-24,23.45,29.82,19.99,80.68,21.56,0.33,19.96
2017-11-25,23.43,30.01,19.03,78.68,6.08,0.36,18.87
2017-11-26,23.33,30.96,19.28,78.51,3.59,0.35,22.57
2017-11-27,23.64,30.72,18.84,76.03,0.54,0.36,21.86
2017-11-28,24.23,31.98,17.94,73.04,0.41,0.3,21.98
2017-11-29,24.22,30.7,20.06,78.71,2.58,0.36,20.16
2017-11-30,22.74,28.52,20.02,83.51,3.02,0.33,19.05
2017-12-01,24.29,32.13,18.94,73.49,0.67,0.29,24.48
2017-12-02,22.99,27.99,18.83,79.62,3.94,0.26,24.51
2017-12-03,24.29,31.93,19.07,73.58,0.56,0.28,24.75
2017-12-04,23.78,31.06,18.8,76.37,4.7,0.28,21.71
2017-12-05,23.63,30.79,19.17,79.36,10.12,0.28,17.55
2017-12-06,23.55,30.13,19.52,79.89,6.5,0.3,20.12
2017-12-07,23.74,30.64,19.13,80.39,8.21,0.27,18.98
2017-12-08,23.33,28.82,20.16,81.97,14.66,0.31,14.67
2017-12-09,22.78,27.16,19.81,84.18,10.34,0.32,15.68
2017-12-10,23.09,29.75,18.92,76.44,0.63,0.29,22.54
2017-12-11,23.31,29.85,19.04,79.39,4.0,0.28,18.71
2017-12-12,23.83,31.07,19.27,75.16,0.64,0.27,24.4
2017-12-13,23.64,30.83,18.84,74.95,0.01,0.25,22.1
2017-12-14,24.4,33.03,18.88,70.7,0.0,0.19,21.78
2017-12-15,24.79,33.15,18.6,69.49,0.01,0.22,24.09
2017-12-16,25.05,33.11,19.17,68.32,0.0,0.25,24.65
2017-12-17,22.63,28.79,18.99,77.06,0.13,0.23,18.22
2017-12-18,23.54,30.92,18.34,75.23,1.33,0.34,18.99
2017-12-19,23.33,29.08,19.94,77.63,1.25,0.29,16.2
2017-12-20,23.39,30.26,19.22,73.41,0.62,0.27,20.67
2017-12-21,23.68,31.13,18.51,70.36,0.12,0.23,20.57
2017-12-22,23.92,31.31,18.9,70.48,0.2,0.22,18.53
2017-12-23,24.31,32.28,18.87,68.48,0.05,0.27,20.8
2017-12-24,23.92,31.89,18.57,65.78,0.01,0.28,24.9
2017-12-25,24.2,32.4,17.88,60.45,0.05,0.31,22.6
2017-12-26,24.78,33.01,19.54,67.12,0.04,0.24,23.12
2017-12-27,24.41,33.31,18.82,66.17,0.02,0.23,25.82
2017-12-28,24.44,32.73,17.87,66.46,0.01,0.24,24.6
2017-12-29,24.98,33.41,18.89,65.16,0.01,0.22,20.62
2017-12-30,25.1,33.29,19.05,63.92,0.01,0.25,21.45
2017-12-31,24.8,33.74,18.91,63.12,0.02,0.22,23.34
2018-01-01,25.05,34.43,17.79,58.51,0.17,0.23,23.62
2018-01-02,25.01,32.59,19.28,67.33,0.98,0.15,21.08
2018-01-03,24.64,32.39,20.26,72.08,2.08,0.14,18.87
2018-01-04,24.03,29.29,19.94,73.98,1.26,0.21,11.5
2018-01-05,24.17,29.9,19.73,70.85,0.4,0.22,19.7
2018-01-06,24.22,31.43,18.43,66.39,0.24,0.26,17.5
2018-01-07,24.9,32.25,19.35,59.73,0.17,0.22,21.55
2018-01-08,25.16,33.93,18.83,60.93,0.05,0.2,24.64
2018-01-09,24.92,32.48,19.66,62.87,0.15,0.15,22.0
2018-01-10,24.97,31.91,19.81,65.06,0.78,0.26,18.18
2018-01-11,24.03,31.36,18.96,65.13,0.41,0.2,16.11
2018-01-12,23.76,31.29,18.14,65.37,0.28,0.18,17.86
2018-01-13,23.06,30.94,18.17,62.53,0.17,0.21,23.75
2018-01-14,23.95,33.19,17.25,50.9,0.0,0.24,25.54
2018-01-15,24.06,33.04,18.17,56.15,0.05,0.26,25.0
2018-01-16,24.66,33.47,18.5,56.48,0.03,0.3,24.43
2018-01-17,25.12,33.02,18.97,61.74,0.14,0.25,21.82
2018-01-18,25.58,34.25,19.33,63.11,0.11,0.19,23.25
2018-01-19,25.46,33.58,19.21,63.45,0.19,0.24,21.43
2018-01-20,25.27,33.26,19.21,64.13,0.14,0.25,22.02
2018-01-21,25.44,34.26,19.35,60.58,0.36,0.25,20.36
2018-01-22,24.95,33.13,18.1,57.33,0.16,0.36,23.2
2018-01-23,24.43,33.33,18.47,62.18,0.23,0.25,20.93
2018-01-24,24.51,33.6,17.95,62.82,0.46,0.2,24.19
2018-01-25,25.72,35.08,18.41,58.99,0.21,0.2,25.93
2018-01-26,26.44,35.52,19.15,56.99,0.21,0.22,24.7
2018-01-27,26.03,34.5,19.56,59.32,0.17,0.25,19.8
2018-01-28,25.29,34.52,18.96,58.61,0.11,0.22,24.73
2018-01-29,25.14,35.24,17.82,53.81,0.0,0.3,26.39
2018-01-30,25.98,35.21,18.84,56.87,0.05,0.27,26.17
2018-01-31,24.99,31.31,20.22,62.33,0.02,0.27,24.33
2018-02-01,25.83,33.62,19.01,60.1,0.0,0.31,21.31
2018-02-02,25.64,33.15,19.39,62.2,0.0,0.32,21.17
2018-02-03,25.64,34.69,19.21,58.53,0.0,0.29,20.51
2018-02-04,25.9,34.52,18.69,57.15,0.0,0.3,20.99
2018-02-05,25.99,33.47,19.7,60.81,0.35,0.34,15.21
2018-02-06,25.71,33.74,19.56,60.4,0.46,0.36,21.58
2018-02-07,24.79,33.02,18.96,56.03,0.15,0.37,22.43
2018-02-08,24.34,33.11,17.46,53.49,0.05,0.32,24.12
2018-02-09,24.96,33.88,18.87,55.13,0.16,0.31,25.4
2018-02-10,25.38,34.13,18.3,60.19,0.32,0.35,24.76
2018-02-11,24.93,33.01,19.24,64.18,0.57,0.38,19.95
2018-02-12,25.27,33.8,17.99,52.69,0.19,0.37,24.32
2018-02-13,25.65,33.8,18.09,48.86,0.03,0.44,25.76
2018-02-14,26.07,33.89,19.5,58.45,0.19,0.41,21.94
2018-02-15,26.0,33.47,19.49,58.11,0.08,0.42,17.53
2018-02-16,25.86,34.29,19.61,56.08,0.05,0.37,25.18
2018-02-17,25.83,34.01,19.04,57.78,0.05,0.38,21.03
2018-02-18,26.4,34.2,19.71,58.02,0.04,0.39,22.86
2018-02-19,27.14,35.55,19.18,54.72,0.02,0.44,26.81
2018-02-20,26.77,34.25,19.94,55.28,0.08,0.41,25.71
2018-02-21,27.62,36.45,20.35,52.39,0.03,0.41,26.73
2018-02-22,27.13,35.99,19.53,53.76,0.07,0.42,27.14
2018-02-23,27.1,36.13,20.43,55.27,0.05,0.39,24.94
2018-02-24,27.14,35.76,19.93,57.92,0.03,0.42,24.44
2018-02-25,27.79,36.34,20.67,54.84,0.16,0.4,26.96
2018-02-26,27.97,37.17,20.8,49.48,0.04,0.41,28.13
2018-02-27,26.93,35.7,18.94,51.27,0.12,0.43,24.47
2018-02-28,26.8,35.17,20.21,53.66,0.45,0.39,26.46
2018-03-01,25.77,34.05,20.51,68.24,16.67,0.28,20.73
2018-03-02,25.05,34.09,20.02,72.78,23.6,0.26,15.52
2018-03-03,22.47,26.13,20.62,87.1,14.49,0.3,17.1
2018-03-04,22.24,27.27,20.16,87.77,18.89,0.31,10.66
2018-03-05,23.82,31.7,19.44,80.47,9.48,0.28,19.74
2018-03-06,23.14,27.72,20.41,84.94,9.78,0.18,21.18
2018-03-07,23.91,31.44,19.02,76.27,3.43,0.31,24.8
2018-03-08,25.35,32.65,19.74,71.87,0.35,0.41,23.16
2018-03-09,25.99,33.9,20.48,71.08,0.96,0.29,21.26
2018-03-10,24.87,30.94,20.93,75.84,9.42,0.24,23.14
2018-03-11,24.57,31.28,20.54,74.83,3.95,0.25,17.91
2018-03-12,22.77,26.56,20.5,84.92,8.81,0.2,13.29
2018-03-13,22.76,27.64,19.44,85.83,21.55,0.24,12.75
2018-03-14,22.85,26.59,20.31,87.1,9.76,0.2,19.7
2018-03-15,22.32,25.67,20.17,91.34,42.73,0.27,7.77
2018-03-16,23.11,27.13,19.74,82.58,3.3,0.3,15.79
2018-03-17,24.61,31.58,19.28,77.96,19.3,0.3,21.59
2018-03-18,24.03,31.19,20.69,82.0,4.28,0.26,20.65
2018-03-19,23.71,29.19,20.61,83.65,20.79,0.36,17.71
2018-03-20,22.84,28.21,19.82,82.9,19.78,0.45,16.78
2018-03-21,22.65,27.96,19.3,84.08,7.86,0.38,18.6
2018-03-22,23.13,31.32,18.14,76.28,0.48,0.36,26.32
2018-03-23,23.52,32.1,17.15,72.9,0.04,0.39,27.01
2018-03-24,23.8,32.33,17.34,75.12,0.1,0.42,26.05
2018-03-25,24.1,32.02,19.09,74.58,4.43,0.46,23.25
2018-03-26,23.76,29.92,19.79,80.97,10.29,0.41,22.91
2018-03-27,23.65,30.08,19.47,80.32,4.02,0.52,15.67
2018-03-28,23.66,30.27,19.05,77.28,6.67,0.47,18.07
2018-03-29,24.2,31.71,18.94,74.45,0.22,0.4,20.2
2018-03-30,23.9,31.24,18.64,75.19,0.61,0.43,21.76
2018-03-31,24.09,31.45,18.83,74.78,0.23,0.4,23.28
2018-04-01,24.22,31.85,19.11,73.7,0.3,0.41,22.47
2018-04-02,24.46,31.69,19.85,73.89,1.15,0.51,21.03
2018-04-03,23.69,30.89,19.3,77.33,2.81,0.45,21.45
2018-04-04,24.28,32.06,19.42,72.85,0.42,0.46,21.7
2018-04-05,23.78,32.23,18.18,71.92,0.33,0.51,25.29
2018-04-06,24.3,32.16,18.92,74.8,2.22,0.51,24.3
2018-04-07,23.93,31.15,19.18,77.25,4.18,0.54,23.81
2018-04-08,23.81,30.93,19.32,77.09,7.66,0.47,20.64
2018-04-09,24.01,32.02,18.86,75.46,3.6,0.43,20.83
2018-04-10,24.36,32.18,18.65,72.84,2.19,0.38,24.76
2018-04-11,23.28,29.36,20.1,81.78,19.11,0.41,19.65
2018-04-12,22.61,26.84,19.45,85.09,7.59,0.41,20.75
2018-04-13,22.33,26.85,19.54,85.31,1.2,0.39,20.5
2018-04-14,22.24,27.43,19.22,85.47,5.66,0.53,17.46
2018-04-15,21.18,26.61,17.81,84.51,20.23,0.5,16.04
2018-04-16,22.23,28.34,17.47,80.18,3.92,0.38,19.73
2018-04-17,22.2,26.18,19.41,82.95,8.37,0.35,9.12
2018-04-18,22.25,26.87,19.05,86.33,18.86,0.27,18.9
2018-04-19,21.45,25.38,19.33,90.79,14.03,0.31,18.52
2018-04-20,22.36,27.35,19.29,87.99,5.8,0.37,17.46
2018-04-21,23.82,30.71,19.6,81.29,0.31,0.38,22.49
2018-04-22,24.05,31.01,19.28,80.6,6.25,0.34,18.25
2018-04-23,22.36,25.9,20.25,89.38,20.54,0.4,19.38
2018-04-24,23.71,30.6,19.74,81.39,1.02,0.57,9.55
2018-04-25,23.39,30.49,19.01,77.36,1.02,0.56,19.61
2018-04-26,23.16,29.87,19.33,81.42,3.18,0.57,20.97
2018-04-27,21.65,26.53,18.33,83.38,6.14,0.57,19.99
2018-04-28,22.57,28.57,18.72,82.82,2.23,0.57,20.74
2018-04-29,22.11,27.21,18.7,82.86,1.07,0.56,17.11
2018-04-30,21.6,26.46,18.33,85.56,7.42,0.57,18.07
2018-05-01,21.53,25.43,18.51,89.16,7.8,0.7,15.64
2018-05-02,22.23,29.06,17.32,80.67,10.89,0.5,18.53
2018-05-03,21.96,28.32,18.29,81.14,1.12,0.61,21.5
2018-05-04,22.09,28.9,17.04,82.16,0.54,0.63,19.22
2018-05-05,22.46,28.79,17.93,81.37,1.35,0.68,18.84
2018-05-06,22.47,29.18,17.95,82.98,13.36,0.69,20.68
2018-05-07,22.75,29.05,19.04,81.89,2.44,0.67,18.2
2018-05-08,22.19,27.6,18.59,83.95,1.84,0.66,19.04
2018-05-09,22.21,28.57,17.99,82.1,5.54,0.58,18.14
2018-05-10,22.73,29.16,18.54,82.28,5.71,0.6,16.12
2018-05-11,22.63,29.43,18.73,81.38,2.33,0.59,21.23
2018-05-12,22.22,27.01,18.54,84.56,0.27,0.59,22.38
2018-05-13,22.83,27.74,19.41,83.79,0.35,0.54,19.45
2018-05-14,23.21,29.95,18.82,81.61,3.0,0.62,22.36
2018-05-15,22.87,30.33,18.22,78.85,0.35,0.63,21.26
2018-05-16,22.89,29.47,19.31,80.63,2.58,0.61,19.18
2018-05-17,22.21,29.15,18.43,79.75,10.68,0.62,20.9
2018-05-18,21.39,29.23,17.44,78.59,0.13,0.59,23.61
2018-05-19,21.35,29.52,16.16,75.54,0.35,0.63,21.51
2018-05-20,21.51,29.39,15.87,77.54,0.47,0.65,19.02
2018-05-21,22.3,28.82,18.02,80.32,1.96,0.72,16.91
2018-05-22,22.3,29.04,17.93,78.83,0.94,0.69,19.03
2018-05-23,22.28,29.34,17.69,77.76,0.41,0.64,19.51
2018-05-24,22.41,29.86,18.03,76.62,0.26,0.72,21.69
2018-05-25,22.34,29.19,17.32,80.92,9.63,0.74,19.02
2018-05-26,22.5,28.69,18.03,81.06,8.36,0.74,20.88
2018-05-27,22.32,29.52,17.72,76.51,1.02,0.76,22.02
2018-05-28,21.38,29.78,15.73,74.86,0.02,0.73,24.33
2018-05-29,21.65,29.76,16.03,76.83,0.04,0.67,22.92
2018-05-30,22.52,30.48,16.59,75.97,0.05,0.63,21.66
2018-05-31,21.42,26.28,18.35,85.33,1.25,0.63,13.29
2018-06-01,22.62,29.13,18.21,80.85,1.69,0.71,15.62
2018-06-02,22.88,29.87,18.53,77.69,0.24,0.75,16.08
2018-06-03,22.32,28.97,17.94,78.59,0.24,0.75,16.54
2018-06-04,21.57,27.99,17.33,77.24,0.33,0.76,11.32
2018-06-05,20.74,27.85,15.93,72.18,0.18,0.78,20.25
2018-06-06,20.07,26.55,15.58,76.11,0.24,0.8,18.95
2018-06-07,19.56,27.26,14.21,74.27,0.13,0.75,14.57
2018-06-08,19.66,27.28,14.3,76.3,0.09,0.63,18.37
2018-06-09,19.8,27.97,14.07,74.81,0.43,0.61,20.24
2018-06-10,19.53,28.55,13.46,70.7,0.02,0.71,22.45
2018-06-11,20.2,28.91,12.92,71.88,0.0,0.77,22.31
2018-06-12,21.25,28.48,16.0,78.15,0.69,0.83,10.74
2018-06-13,21.47,29.09,17.24,78.31,1.96,0.83,13.34
2018-06-14,21.04,28.31,16.13,77.79,0.25,0.77,17.82
2018-06-15,21.15,29.01,16.08,75.22,0.03,0.72,16.18
2018-06-16,21.36,27.89,16.83,76.22,0.06,0.69,14.17
2018-06-17,21.17,27.26,17.22,77.43,0.12,0.68,10.82
2018-06-18,21.15,27.37,16.66,75.88,0.2,0.79,12.65
2018-06-19,20.55,26.97,16.01,76.86,0.14,0.77,12.38
2018-06-20,21.71,29.79,16.7,72.35,0.09,0.8,19.22
2018-06-21,21.91,29.44,16.95,76.52,0.48,0.85,18.43
2018-06-22,21.28,28.27,16.51,78.55,1.72,0.89,13.74
2018-06-23,21.55,28.88,16.41,75.63,0.46,0.91,18.21
2018-06-24,21.41,29.24,16.78,71.72,0.19,0.89,15.44
2018-06-25,20.78,28.48,15.38,73.27,0.48,0.88,19.93
2018-06-26,20.87,28.05,16.3,76.67,0.86,0.96,16.4
2018-06-27,20.74,28.89,15.35,71.37,0.14,0.89,22.43
2018-06-28,21.22,29.16,15.26,75.14,0.12,0.98,20.7
2018-06-29,22.01,29.22,17.84,76.21,0.34,1.01,18.32
2018-06-30,21.83,28.63,17.24,76.9,0.85,1.08,17.71
2018-07-01,21.5,28.36,17.1,77.7,2.9,1.09,17.73
2018-07-02,21.11,27.6,16.65,78.7,1.83,1.1,17.99
2018-07-03,21.17,27.86,17.23,79.65,3.98,1.18,13.6
2018-07-04,20.52,26.55,16.69,76.36,2.36,1.3,13.04
2018-07-05,19.98,27.5,15.04,71.68,0.19,1.22,20.85
2018-07-06,20.25,28.28,14.08,71.72,0.01,1.21,21.2
2018-07-07,20.7,28.21,15.76,73.47,0.39,1.17,19.91
2018-07-08,20.6,28.01,15.6,72.39,0.09,1.24,19.49
2018-07-09,20.66,28.25,15.07,73.95,0.08,1.16,16.47
2018-07-10,20.95,28.28,16.44,74.1,0.2,1.21,15.91
2018-07-11,20.8,27.74,16.16,74.44,0.18,1.17,15.87
2018-07-12,20.83,27.46,16.36,74.08,0.45,1.25,14.05
2018-07-13,21.03,28.24,16.56,74.79,0.78,1.26,12.22
2018-07-14,20.27,26.35,16.17,74.69,0.23,1.11,13.11
2018-07-15,20.81,29.12,15.44,72.0,0.1,1.22,19.22
2018-07-16,20.19,27.78,15.29,72.89,0.12,1.32,18.46
2018-07-17,19.94,28.75,13.55,67.18,0.02,1.24,23.44
2018-07-18,19.64,27.62,13.3,66.59,0.02,1.35,17.7
2018-07-19,20.31,28.73,13.78,67.09,0.03,1.35,16.64
2018-07-20,20.17,27.12,15.31,71.49,0.08,1.23,17.66
2018-07-21,20.03,26.32,15.71,73.58,1.07,1.43,15.26
2018-07-22,20.2,26.93,15.46,73.11,0.45,1.44,18.17
2018-07-23,20.28,28.1,14.75,71.74,0.13,1.45,19.43
2018-07-24,20.34,27.8,15.23,71.31,0.23,1.62,18.37
2018-07-25,20.48,28.09,15.18,72.66,0.18,1.48,12.39
2018-07-26,20.57,27.8,15.31,70.18,0.1,1.39,15.07
2018-07-27,21.61,29.14,16.89,68.36,0.08,1.26,17.79
2018-07-28,22.06,30.78,15.3,67.53,0.01,1.2,21.76
2018-07-29,21.95,30.15,15.67,70.33,0.13,1.2,18.19
2018-07-30,22.37,30.15,16.7,70.18,0.1,1.22,15.23
2018-07-31,22.22,29.23,16.89,70.96,0.09,1.21,13.74
2018-08-01,22.56,30.83,16.73,70.48,0.05,1.2,20.07
2018-08-02,22.55,30.67,17.1,70.58,0.04,1.22,16.53
2018-08-03,22.23,30.54,16.38,69.88,0.03,1.33,17.07
2018-08-04,21.73,30.53,15.72,66.23,0.09,1.36,19.58
2018-08-05,21.43,28.94,15.96,71.34,0.52,1.52,14.93
2018-08-06,21.57,29.86,15.97,68.2,0.09,1.41,21.43
2018-08-07,21.01,30.17,14.15,66.41,0.03,1.38,23.63
2018-08-08,22.04,30.8,15.42,69.2,0.05,1.23,21.89
2018-08-09,22.2,30.56,16.75,68.27,0.11,1.4,22.64
2018-08-10,21.76,30.25,16.14,67.13,0.11,1.64,19.14
2018-08-11,20.74,29.06,14.29,69.38,0.54,1.82,19.61
2018-08-12,21.49,29.07,16.53,69.36,0.84,1.88,17.9
2018-08-13,20.98,28.75,14.89,69.0,0.28,1.89,15.63
2018-08-14,21.1,29.09,15.29,65.13,0.15,1.96,21.78
2018-08-15,20.81,29.01,14.77,67.48,0.86,2.0,15.82
2018-08-16,21.08,29.4,14.16,65.94,0.54,1.99,19.57
2018-08-17,20.97,27.9,16.1,69.16,0.49,1.97,14.42
2018-08-18,21.14,28.68,15.8,69.91,0.28,1.74,11.11
2018-08-19,21.34,29.11,16.24,64.24,0.02,1.82,19.33
2018-08-20,21.02,29.34,14.28,65.64,0.02,1.93,18.89
2018-08-21,21.41,28.71,16.18,67.58,0.14,1.85,20.33
2018-08-22,21.54,29.71,15.15,67.23,0.02,1.6,19.6
2018-08-23,22.07,30.06,16.57,65.6,0.04,1.67,13.24
2018-08-24,22.16,31.05,15.56,63.91,0.03,1.75,20.88
2018-08-25,22.1,30.53,15.59,68.3,0.55,1.91,19.36
2018-08-26,21.81,28.38,16.83,69.75,0.33,1.63,17.31
2018-08-27,21.21,28.8,15.3,69.51,0.12,1.5,21.08
2018-08-28,21.8,28.54,17.07,69.26,0.23,1.71,16.24
2018-08-29,21.64,28.26,16.99,63.9,0.04,2.05,16.49
2018-08-30,21.74,28.97,16.27,64.58,0.02,1.92,18.75
2018-08-31,21.72,28.78,15.69,66.19,0.07,1.82,16.89
2018-09-01,22.38,30.49,16.33,63.8,0.06,2.01,15.63
2018-09-02,22.44,30.05,17.0,65.84,0.04,1.71,15.33
2018-09-03,22.63,31.49,15.55,62.8,0.11,1.75,20.82
2018-09-04,23.29,31.52,17.5,66.71,1.0,1.88,15.87
2018-09-05,23.01,30.99,16.62,69.23,0.84,1.79,19.52
2018-09-06,23.07,30.91,17.79,66.11,0.63,1.97,19.04
2018-09-07,22.53,31.15,15.4,67.39,0.11,1.77,22.2
2018-09-08,23.44,32.03,17.0,63.68,0.3,1.66,22.4
2018-09-09,23.66,32.41,16.16,66.78,0.22,1.69,23.23
2018-09-10,24.05,32.74,17.49,66.18,0.36,1.66,23.15
2018-09-11,23.44,32.17,17.18,63.77,0.2,1.98,23.7
2018-09-12,23.19,31.57,16.3,64.16,0.08,1.92,25.92
2018-09-13,23.63,31.76,16.67,67.6,0.07,1.78,20.28
2018-09-14,24.28,33.26,16.8,61.15,0.0,1.85,23.99
2018-09-15,23.53,32.58,16.93,59.56,0.0,1.76,25.78
2018-09-16,23.68,33.04,17.13,59.31,0.01,1.71,26.55
2018-09-17,23.33,32.93,14.95,57.18,0.0,1.78,26.98
2018-09-18,23.26,32.47,16.84,59.59,0.1,1.76,25.26
2018-09-19,23.33,32.62,16.65,59.51,0.11,1.78,24.64
2018-09-20,23.72,33.11,15.87,61.06,0.27,1.95,24.97
2018-09-21,24.15,32.52,17.97,65.75,0.44,1.92,21.94
2018-09-22,23.58,32.29,16.88,61.48,0.14,1.92,21.45
2018-09-23,23.52,32.35,17.21,59.44,0.15,1.66,26.2
2018-09-24,23.14,31.82,16.09,66.83,1.71,1.62,22.99
2018-09-25,23.89,32.02,17.84,67.14,1.47,1.68,22.11
2018-09-26,23.83,32.38,18.02,69.07,3.74,1.83,25.03
2018-09-27,22.57,27.44,18.73,75.77,2.0,1.62,13.04
2018-09-28,23.86,31.6,18.73,70.44,1.32,1.76,16.21
2018-09-29,23.27,31.91,17.24,64.65,0.16,1.78,23.02
2018-09-30,22.95,31.52,17.11,59.49,0.02,1.7,24.95
2018-10-01,22.48,31.33,15.14,65.14,0.04,1.46,24.08
2018-10-02,23.16,31.81,17.12,65.42,0.11,1.56,21.28
2018-10-03,23.19,31.62,16.89,67.68,2.57,1.39,19.16
2018-10-04,23.31,32.06,16.88,67.22,2.03,1.23,24.33
2018-10-05,23.61,31.77,17.45,70.82,2.72,1.36,23.87
2018-10-06,23.58,31.76,17.78,70.85,3.82,1.33,23.17
2018-10-07,23.78,32.22,17.69,67.37,1.85,1.22,23.33
2018-10-08,23.96,32.13,18.2,67.74,0.44,1.18,21.75
2018-10-09,23.53,31.55,17.95,68.35,0.49,1.41,22.51
2018-10-10,23.38,31.73,17.15,66.05,0.22,1.41,22.36
2018-10-11,23.28,31.96,17.26,65.91,0.41,1.3,22.16
2018-10-12,23.89,32.84,16.78,65.48,0.31,1.29,24.56
2018-10-13,24.7,34.11,18.3,62.49,0.28,1.2,25.72
2018-10-14,24.47,33.43,17.78,62.36,0.13,1.24,25.59
2018-10-15,24.87,34.21,18.01,60.28,0.25,1.09,23.74
2018-10-16,25.18,34.15,18.56,65.15,0.63,1.07,20.08
2018-10-17,25.27,33.9,18.28,64.9,0.3,1.03,21.69
2018-10-18,24.82,31.94,19.85,70.81,8.3,1.02,19.19
2018-10-19,24.73,32.33,19.39,69.27,2.77,0.96,18.16
2018-10-20,24.61,32.71,18.55,66.83,2.29,0.87,22.11
2018-10-21,24.6,32.95,18.64,65.93,1.27,0.99,23.38
2018-10-22,23.69,31.73,18.6,67.2,2.15,1.21,18.8
2018-10-23,22.4,28.9,18.05,70.36,4.47,1.26,10.52
2018-10-24,22.57,30.92,15.99,71.09,9.36,1.07,12.64
2018-10-25,21.85,27.36,18.63,83.33,47.79,1.12,13.19
2018-10-26,22.5,29.52,17.65,79.79,7.88,0.98,12.09
2018-10-27,22.45,28.0,18.1,79.41,1.87,0.85,17.44
2018-10-28,23.44,31.68,18.09,72.08,0.59,0.64,21.69
2018-10-29,23.78,31.62,18.67,73.3,0.35,0.74,22.71
2018-10-30,23.29,31.98,17.96,66.71,0.13,0.6,25.62
2018-10-31,23.45,31.23,17.83,73.05,0.11,0.58,23.02
2018-11-01,23.94,31.28,18.57,75.52,1.44,0.72,18.82
2018-11-02,24.44,31.85,19.66,72.62,1.05,0.8,19.55
2018-11-03,24.04,32.06,18.97,69.62,0.28,0.7,19.49
2018-11-04,23.39,30.68,17.22,67.51,0.02,0.62,25.97
2018-11-05,24.13,33.17,17.46,64.75,0.03,0.58,25.67
2018-11-06,24.47,33.39,18.26,66.1,0.11,0.53,24.35
2018-11-07,25.3,34.25,18.92,67.5,0.13,0.56,25.29
2018-11-08,25.06,33.11,19.19,69.89,0.18,0.61,25.03
2018-11-09,24.89,33.03,18.49,70.12,0.81,0.64,21.16
2018-11-10,25.33,33.67,19.61,63.97,0.09,0.66,22.71
2018-11-11,25.08,33.43,19.08,66.91,0.35,0.55,19.78
2018-11-12,24.65,33.47,18.49,67.21,7.92,0.54,23.81
2018-11-13,24.09,32.06,18.31,69.47,4.73,0.56,21.93
2018-11-14,24.11,32.09,18.26,68.96,1.38,0.5,24.38
2018-11-15,24.25,33.81,16.88,65.03,0.1,0.44,25.91
2018-11-16,25.16,34.69,17.59,60.67,0.33,0.49,25.35
2018-11-17,24.8,31.74,19.85,74.49,2.14,0.5,17.48
2018-11-18,25.58,34.17,19.1,65.89,0.27,0.47,24.07
2018-11-19,24.76,31.82,20.27,74.72,3.08,0.51,20.93
2018-11-20,24.64,32.08,19.68,74.92,4.98,0.5,20.64
2018-11-21,24.01,30.8,19.93,78.15,5.61,0.5,16.11
2018-11-22,24.43,31.33,19.67,74.58,1.99,0.45,20.01
2018-11-23,24.39,30.81,19.96,73.85,2.27,0.39,20.54
2018-11-24,23.89,29.95,20.11,75.77,2.71,0.41,20.66
2018-11-25,24.73,32.38,19.35,70.4,0.79,0.41,20.77
2018-11-26,25.16,33.03,19.06,66.89,0.13,0.37,22.25
2018-11-27,24.86,33.45,19.79,68.05,0.76,0.31,23.92
2018-11-28,25.42,33.4,19.31,67.85,0.82,0.35,20.96
2018-11-29,24.94,31.73,19.71,70.01,1.62,0.39,20.51
2018-11-30,24.86,31.94,19.86,71.15,2.73,0.4,21.55
2018-12-01,24.29,30.77,20.17,75.61,5.11,0.42,18.09
2018-12-02,24.67,32.85,18.57,69.17,1.19,0.3,20.24
2018-12-03,24.78,32.13,19.71,73.58,4.12,0.29,21.38
2018-12-04,24.68,31.81,19.6,76.07,7.26,0.29,18.96
2018-12-05,25.22,32.6,20.02,71.55,1.2,0.32,19.67
2018-12-06,25.7,33.32,19.89,68.78,1.29,0.29,22.39
2018-12-07,24.54,30.01,20.97,75.3,0.79,0.26,20.25
2018-12-08,24.89,31.59,20.01,74.4,2.33,0.28,20.85
2018-12-09,24.07,30.09,20.04,79.57,37.08,0.27,22.64
2018-12-10,22.72,26.98,20.03,86.82,15.24,0.22,17.38
2018-12-11,22.91,27.09,18.94,79.9,6.67,0.28,20.52
2018-12-12,23.68,30.53,18.12,75.87,1.26,0.27,20.77
2018-12-13,23.58,29.56,20.47,83.38,13.54,0.24,22.3
2018-12-14,22.97,28.16,20.18,84.54,10.52,0.21,22.37
2018-12-15,22.75,28.21,19.64,85.36,13.02,0.29,20.92
2018-12-16,23.99,30.67,18.72,77.62,2.49,0.28,21.49
2018-12-17,24.09,31.08,19.53,77.6,1.54,0.22,22.47
2018-12-18,24.28,32.01,19.35,76.1,1.4,0.22,22.0
2018-12-19,23.91,30.29,19.81,79.32,3.71,0.24,20.28
2018-12-20,24.43,31.72,19.43,74.97,0.92,0.2,22.0
2018-12-21,24.58,31.63,19.79,73.23,2.34,0.26,22.42
2018-12-22,24.63,31.96,19.85,75.61,0.79,0.23,23.9
2018-12-23,24.76,31.52,19.99,74.41,0.69,0.24,20.59
2018-12-24,24.76,31.96,19.73,72.58,0.26,0.27,20.15
2018-12-25,24.71,31.93,19.64,73.47,0.55,0.25,20.1
2018-12-26,24.52,31.57,19.51,71.15,0.12,0.23,22.02
2018-12-27,24.0,31.96,19.1,72.85,0.99,0.22,15.71
2018-12-28,24.39,32.5,18.57,70.2,0.91,0.2,25.4
2018-12-29,24.82,33.02,19.2,67.58,0.14,0.23,25.27
2018-12-30,24.79,32.47,19.33,68.37,0.31,0.27,23.28
2018-12-31,24.1,30.93,19.37,75.27,2.11,0.23,20.54
2019-01-01,24.46,31.94,19.46,72.86,0.62,0.2,23.13
2019-01-02,25.32,33.63,19.39,68.1,0.42,0.19,23.81
2019-01-03,25.01,32.67,19.67,74.18,2.75,0.21,20.79
2019-01-04,24.13,29.92,21.07,82.03,6.81,0.32,15.9
2019-01-05,23.94,30.44,19.67,79.26,8.49,0.26,16.04
2019-01-06,24.25,29.89,20.2,74.1,0.71,0.27,18.24
2019-01-07,24.76,32.24,19.58,66.83,0.04,0.27,23.38
2019-01-08,24.07,30.91,19.24,73.76,0.17,0.21,17.85
2019-01-09,24.27,30.96,20.22,72.73,0.16,0.21,17.05
2019-01-10,24.19,30.52,19.7,70.12,0.08,0.22,21.02
2019-01-11,24.31,30.99,19.74,72.0,0.57,0.25,19.2
2019-01-12,24.5,31.62,19.92,69.14,0.21,0.23,22.79
2019-01-13,23.89,30.97,19.63,73.78,0.62,0.22,19.27
2019-01-14,24.14,30.79,19.42,72.75,0.52,0.22,19.59
2019-01-15,23.09,27.4,19.65,78.6,1.31,0.2,18.84
2019-01-16,23.77,30.48,19.34,76.01,4.37,0.19,18.73
2019-01-17,24.7,33.4,19.41,69.69,0.41,0.16,24.96
2019-01-18,25.66,34.24,19.7,63.54,0.38,0.19,25.76
2019-01-19,25.56,34.2,19.4,63.01,0.13,0.21,25.77
2019-01-20,25.44,34.94,18.63,60.97,0.3,0.22,26.48
2019-01-21,25.26,32.46,20.16,63.76,0.13,0.24,21.43
2019-01-22,24.48,31.47,19.96,69.29,0.06,0.18,18.75
2019-01-23,25.28,33.52,20.26,65.66,0.04,0.22,19.74
2019-01-24,24.72,33.94,18.98,64.5,0.01,0.23,21.19
2019-01-25,25.89,34.67,19.48,63.82,0.02,0.25,24.99
2019-01-26,26.01,34.13,20.62,63.82,0.44,0.24,19.01
2019-01-27,25.87,34.21,19.29,62.65,0.02,0.27,25.45
2019-01-28,25.09,31.94,19.94,66.49,0.07,0.26,16.26
2019-01-29,25.45,33.89,19.71,65.42,0.1,0.25,20.19
2019-01-30,25.66,34.85,19.36,63.49,0.03,0.22,23.77
2019-01-31,25.88,34.5,19.18,62.06,0.07,0.26,24.39
2019-02-01,26.39,34.83,19.64,60.98,0.12,0.27,24.85
2019-02-02,26.99,35.62,19.88,55.75,0.06,0.3,26.78
2019-02-03,26.78,35.74,19.78,56.62,0.04,0.28,24.82
2019-02-04,26.23,34.63,19.94,60.55,0.17,0.31,18.7
2019-02-05,25.47,32.87,20.1,64.78,1.41,0.36,20.38
2019-02-06,24.88,31.83,19.77,66.31,0.83,0.33,20.93
2019-02-07,25.03,32.16,20.03,71.01,3.07,0.31,17.59
2019-02-08,25.52,32.62,20.61,68.35,2.73,0.36,16.62
2019-02-09,25.09,31.94,20.15,70.08,2.96,0.35,15.3
2019-02-10,24.7,32.05,19.53,66.91,1.28,0.37,18.16
2019-02-11,25.09,33.93,19.03,62.04,0.08,0.32,26.39
2019-02-12,25.26,33.92,19.05,62.22,0.05,0.35,24.93
2019-02-13,25.09,33.83,17.96,60.07,0.03,0.37,24.39
2019-02-14,25.71,33.76,19.52,62.43,0.06,0.32,20.66
2019-02-15,26.59,35.16,19.48,59.6,0.06,0.33,24.58
2019-02-16,26.53,32.73,21.18,61.42,0.48,0.36,21.37
2019-02-17,27.02,34.86,20.81,59.37,0.15,0.36,24.75
2019-02-18,27.15,36.14,19.76,59.31,0.08,0.32,24.86
2019-02-19,27.8,36.67,20.82,57.58,0.15,0.37,27.35
2019-02-20,25.85,32.89,21.0,64.27,4.41,0.4,20.6
2019-02-21,25.98,33.65,20.75,64.61,0.8,0.47,21.26
2019-02-22,25.99,34.35,19.71,63.14,1.18,0.39,19.26
2019-02-23,25.84,33.69,20.04,64.65,2.27,0.38,21.44
2019-02-24,25.86,33.24,20.35,66.67,1.3,0.33,20.24
2019-02-25,24.62,30.26,20.51,71.03,0.1,0.24,23.77
2019-02-26,25.88,34.11,20.13,63.94,0.02,0.36,25.31
2019-02-27,26.32,34.06,20.62,64.22,0.03,0.38,22.78
2019-02-28,26.45,34.89,20.01,61.83,0.01,0.36,25.25
2019-03-01,27.59,37.12,20.53,56.87,0.0,0.33,27.46
2019-03-02,27.97,36.89,20.7,52.55,0.03,0.38,27.24
2019-03-03,27.75,35.28,20.93,57.28,0.15,0.33,25.43
2019-03-04,26.78,32.81,21.71,62.51,0.95,0.29,24.15
2019-03-05,25.73,31.29,21.94,68.86,1.16,0.31,22.14
2019-03-06,27.06,35.05,19.93,57.43,0.03,0.36,27.17
2019-03-07,28.09,36.65,21.45,54.44,0.19,0.38,26.47
2019-03-08,27.35,36.41,20.55,54.12,0.26,0.41,23.91
2019-03-09,26.78,35.75,20.34,55.73,0.11,0.47,24.49
2019-03-10,25.85,34.5,20.1,57.58,0.22,0.4,27.25
2019-03-11,26.81,35.56,20.28,56.18,0.12,0.47,26.98
2019-03-12,26.97,35.95,20.22,54.02,0.03,0.47,27.37
2019-03-13,26.52,35.25,19.99,54.74,0.02,0.48,27.37
2019-03-14,26.82,35.0,20.35,57.85,0.04,0.55,21.82
2019-03-15,26.53,35.48,19.14,53.26,0.01,0.49,26.09
2019-03-16,27.24,35.7,20.15,56.01,0.04,0.5,24.56
2019-03-17,27.75,36.22,20.89,56.16,0.01,0.52,23.33
2019-03-18,26.79,34.04,21.12,57.53,0.0,0.46,25.1
2019-03-19,27.66,36.32,20.04,55.43,0.0,0.5,23.57
2019-03-20,27.97,36.32,20.83,53.52,0.01,0.55,21.35
2019-03-21,27.99,36.48,20.5,52.59,0.0,0.52,25.47
2019-03-22,27.65,36.3,20.99,54.39,0.03,0.52,23.18
2019-03-23,27.42,35.86,20.54,55.52,0.06,0.57,23.37
2019-03-24,27.2,36.07,20.89,52.66,0.07,0.51,21.9
2019-03-25,27.59,37.31,18.21,46.79,0.0,0.5,25.74
2019-03-26,28.01,37.19,19.84,46.51,0.0,0.54,27.06
2019-03-27,26.93,34.4,20.85,53.34,7.71,0.54,25.27
2019-03-28,26.42,35.44,19.33,58.8,0.83,0.48,24.46
2019-03-29,27.07,35.12,19.8,57.53,0.28,0.44,24.22
2019-03-30,26.8,34.11,21.0,63.71,1.1,0.48,23.01
2019-03-31,26.75,34.47,21.04,64.47,1.35,0.51,23.62
2019-04-01,27.0,34.9,20.98,64.75,1.97,0.5,23.09
2019-04-02,26.56,34.02,21.17,68.02,2.42,0.49,23.44
2019-04-03,25.3,31.61,21.38,74.6,3.84,0.51,22.76
2019-04-04,24.49,29.84,20.78,76.72,0.91,0.56,20.05
2019-04-05,25.71,33.38,19.43,69.15,0.34,0.63,21.16
2019-04-06,26.28,34.39,20.2,64.63,0.48,0.56,23.82
2019-04-07,26.29,34.95,20.21,60.62,0.13,0.5,24.98
2019-04-08,27.07,35.66,20.35,59.0,0.21,0.56,25.39
2019-04-09,27.11,34.69,20.74,57.57,0.04,0.61,21.12
2019-04-10,26.17,33.05,21.35,65.58,0.15,0.56,24.43
2019-04-11,25.74,31.73,20.95,67.9,0.34,0.57,21.99
2019-04-12,26.2,33.3,21.04,62.7,0.12,0.59,22.41
2019-04-13,27.11,35.21,20.18,60.95,0.06,0.63,22.2
2019-04-14,26.83,33.79,21.09,59.21,0.05,0.65,23.99
2019-04-15,27.14,35.41,20.27,57.77,0.02,0.65,23.23
2019-04-16,27.06,36.46,18.79,50.68,0.01,0.53,26.78
2019-04-17,26.89,36.62,17.98,51.03,0.06,0.58,26.43
2019-04-18,27.83,37.21,18.99,54.98,0.05,0.73,25.66
2019-04-19,27.62,36.31,20.65,61.26,0.54,0.79,23.26
2019-04-20,26.5,34.81,20.42,64.36,0.53,0.6,22.37
2019-04-21,25.97,32.13,21.81,66.93,1.89,0.6,23.1
2019-04-22,26.37,34.41,20.92,66.91,2.22,0.65,21.48
2019-04-23,25.11,30.19,21.22,70.59,0.91,0.59,19.78
2019-04-24,25.45,31.89,21.0,65.35,0.84,0.33,19.13
2019-04-25,25.97,32.84,20.49,63.49,2.3,0.45,14.75
2019-04-26,25.05,31.75,20.99,76.4,5.71,0.44,17.28
2019-04-27,25.89,32.55,20.52,71.39,0.39,0.29,20.97
2019-04-28,26.23,34.71,20.73,70.09,0.22,0.4,21.29
2019-04-29,26.03,32.44,21.18,72.23,0.44,0.56,18.59
2019-04-30,26.28,33.55,21.07,70.48,0.68,0.64,19.2
2019-05-01,26.19,33.62,20.55,68.14,0.54,0.58,20.92
2019-05-02,25.51,32.81,20.66,70.32,1.04,0.71,20.44
2019-05-03,25.91,34.02,19.84,66.3,0.65,0.78,20.8
2019-05-04,24.89,31.41,19.9,70.06,1.87,0.83,17.99
2019-05-05,24.89,33.02,19.84,77.55,21.1,0.85,18.38
2019-05-06,24.69,30.43,20.81,79.9,4.24,0.65,19.04
2019-05-07,24.26,30.75,20.48,76.17,6.85,0.71,19.51
2019-05-08,23.99,31.35,18.67,68.26,1.04,0.81,19.93
2019-05-09,23.62,31.48,17.8,72.42,1.34,0.73,17.41
2019-05-10,23.24,30.26,18.65,64.4,0.2,0.75,17.97
2019-05-11,22.71,30.25,17.18,72.19,2.88,0.79,19.77
2019-05-12,23.71,31.11,17.86,68.02,1.23,0.69,17.86
2019-05-13,23.74,30.25,18.38,72.97,11.89,0.81,17.32
2019-05-14,23.46,30.12,18.92,75.71,2.25,0.69,17.61
2019-05-15,24.0,31.68,18.44,72.71,0.96,0.72,18.76
2019-05-16,24.39,32.26,18.81,72.31,1.01,0.71,18.52
2019-05-17,24.24,32.14,19.01,75.14,2.07,0.74,15.85
2019-05-18,23.22,29.02,19.23,79.18,3.08,0.76,14.21
2019-05-19,23.59,31.12,19.13,74.3,6.74,0.62,16.56
2019-05-20,23.07,29.45,18.93,74.57,1.95,0.68,17.96
2019-05-21,23.94,32.3,17.48,68.15,0.07,0.65,20.36
2019-05-22,23.49,30.72,19.0,76.55,4.35,0.66,18.94
2019-05-23,23.18,30.12,18.86,75.56,6.33,0.75,17.94
2019-05-24,22.64,29.55,18.24,73.12,2.54,0.81,15.26
2019-05-25,22.83,29.95,17.88,72.34,1.02,0.72,14.68
2019-05-26,23.23,30.5,18.42,73.43,1.9,0.76,13.23
2019-05-27,22.75,29.31,18.06,75.37,1.07,0.76,17.48
2019-05-28,22.27,28.29,18.11,76.74,2.37,0.71,16.75
2019-05-29,22.67,29.99,17.89,71.5,1.25,0.71,15.24
2019-05-30,23.12,31.14,17.77,71.72,0.33,0.71,17.6
2019-05-31,23.42,31.7,17.74,70.17,0.34,0.72,18.17
2019-06-01,23.57,30.6,18.96,73.48,0.53,0.63,12.08
2019-06-02,23.27,30.13,18.02,68.49,0.38,0.6,12.76
2019-06-03,23.34,31.88,17.34,63.4,0.08,0.62,16.92
2019-06-04,23.06,30.57,17.47,67.82,0.18,0.72,15.88
2019-06-05,21.99,28.84,17.9,66.48,0.1,0.62,11.79
2019-06-06,22.32,29.7,17.34,66.83,1.22,0.67,14.89
2019-06-07,23.2,31.27,16.8,68.88,0.27,0.73,15.98
2019-06-08,23.06,29.8,18.09,69.02,0.12,0.72,17.91
2019-06-09,22.49,27.6,18.42,69.91,0.33,0.9,12.74
2019-06-10,22.58,30.8,16.88,60.32,0.12,0.91,12.92
2019-06-11,22.86,30.71,16.62,59.74,0.11,0.87,17.85
2019-06-12,23.29,29.92,18.28,64.52,0.48,0.97,17.44
2019-06-13,22.84,29.71,17.68,68.95,0.41,0.79,16.75
2019-06-14,23.26,30.22,17.89,70.39,0.93,0.96,12.8
2019-06-15,22.49,29.94,17.7,67.28,0.21,0.82,11.87
2019-06-16,22.38,30.29,17.14,56.13,0.02,0.77,20.97
2019-06-17,22.78,31.43,16.12,55.73,0.02,0.87,20.8
2019-06-18,23.06,31.47,16.62,63.92,0.1,0.85,19.04
2019-06-19,23.74,31.86,17.29,63.95,0.06,0.77,19.57
2019-06-20,23.56,30.78,18.2,63.82,0.03,0.97,14.9
2019-06-21,22.35,28.4,18.37,65.69,0.08,0.92,9.92
2019-06-22,22.05,30.0,16.89,60.08,0.0,0.68,19.23
2019-06-23,23.32,32.13,15.98,57.54,0.0,0.66,20.96
2019-06-24,24.3,32.63,17.33,61.74,0.02,0.65,18.55
2019-06-25,23.55,29.77,18.89,68.01,0.39,0.94,10.39
2019-06-26,23.51,30.26,18.15,66.47,0.33,0.92,14.17
2019-06-27,23.61,30.74,18.31,65.86,0.19,1.07,13.35
2019-06-28,23.22,30.79,17.61,60.64,0.04,0.97,15.15
2019-06-29,22.9,31.42,16.16,57.39,0.0,1.01,21.65
2019-06-30,24.16,32.89,16.9,53.14,0.02,1.22,20.66
2019-07-01,24.68,33.2,18.18,62.43,0.07,1.15,20.84
2019-07-02,24.88,33.42,18.57,62.48,0.15,1.03,22.06
2019-07-03,24.27,32.38,18.52,60.35,0.16,1.17,18.95
2019-07-04,23.63,31.69,18.19,57.19,0.02,1.2,20.51
2019-07-05,23.52,31.72,17.1,61.99,0.09,1.06,20.91
2019-07-06,23.76,32.01,17.82,63.22,0.19,1.09,14.87
2019-07-07,23.85,31.81,17.24,63.1,0.08,1.09,17.14
2019-07-08,24.04,32.71,17.11,61.32,0.04,1.04,18.67
2019-07-09,24.42,32.93,17.84,62.05,0.09,1.1,19.66
2019-07-10,24.43,32.69,17.64,62.77,0.27,1.27,18.87
2019-07-11,23.92,31.17,18.65,65.43,0.74,1.42,16.34
2019-07-12,23.82,31.63,17.82,63.07,0.36,1.2,19.14
2019-07-13,23.42,31.26,16.94,62.22,0.23,1.28,16.22
2019-07-14,23.28,31.3,17.6,63.35,0.28,1.46,17.3
2019-07-15,22.56,29.85,17.48,65.62,0.9,1.48,15.88
2019-07-16,22.41,30.74,17.0,63.41,0.75,1.54,15.69
2019-07-17,21.85,29.32,16.77,68.23,0.68,1.66,13.84
2019-07-18,22.02,29.97,15.68,66.05,1.39,1.41,22.65
2019-07-19,21.81,28.74,16.66,70.34,1.89,1.37,14.93
2019-07-20,22.12,30.04,15.76,65.74,0.07,1.03,17.58
2019-07-21,22.75,31.14,15.99,63.1,0.03,0.93,20.6
2019-07-22,22.37,30.5,17.19,58.88,0.04,1.57,19.33
2019-07-23,21.13,29.98,13.93,54.38,0.05,1.27,20.68
2019-07-24,21.9,31.11,14.66,50.97,0.01,1.15,21.39
2019-07-25,21.86,30.87,15.22,57.78,0.12,1.23,21.6
2019-07-26,22.14,30.58,16.16,59.56,0.19,1.5,22.5
2019-07-27,22.23,30.6,16.33,59.53,0.17,1.6,21.35
2019-07-28,22.26,30.38,14.81,60.05,0.12,1.3,17.8
2019-07-29,23.01,30.37,17.39,62.88,0.18,1.3,17.94
2019-07-30,22.44,28.06,17.78,68.49,1.5,1.16,14.17
2019-07-31,21.6,26.56,18.27,72.95,3.3,1.14,19.23
2019-08-01,23.69,31.94,18.29,65.98,1.01,1.31,20.79
2019-08-02,23.22,30.54,18.09,71.32,1.63,1.65,13.69
2019-08-03,22.88,30.9,17.55,67.09,0.45,1.5,15.85
2019-08-04,23.14,31.69,17.07,65.91,0.19,1.52,22.74
2019-08-05,23.6,32.39,17.2,60.9,0.12,1.43,20.67
2019-08-06,24.12,33.46,16.12,63.3,0.09,1.43,22.17
2019-08-07,24.01,31.6,18.53,67.98,0.64,1.69,15.79
2019-08-08,23.34,30.61,18.35,65.57,0.76,1.69,17.64
2019-08-09,22.59,31.46,15.37,61.13,0.02,1.69,16.6
2019-08-10,23.05,31.03,17.1,66.84,0.56,1.88,17.09
2019-08-11,22.22,29.08,17.45,62.86,0.09,1.9,18.63
2019-08-12,22.36,30.97,15.46,58.15,0.04,1.85,21.22
2019-08-13,22.94,31.38,17.28,62.65,0.22,1.84,20.2
2019-08-14,22.82,31.41,16.85,59.41,0.24,1.92,21.14
2019-08-15,22.34,30.71,15.36,54.74,0.07,2.08,21.24
2019-08-16,22.7,30.68,15.98,60.9,0.06,2.06,17.19
2019-08-17,23.28,31.07,17.41,60.12,0.08,2.01,21.39
2019-08-18,23.33,31.48,17.58,63.74,0.23,2.06,16.0
2019-08-19,23.13,31.09,17.53,59.87,0.16,2.06,17.06
2019-08-20,22.69,30.0,16.38,59.86,0.05,1.79,19.78
2019-08-21,23.42,30.66,18.09,61.45,0.17,1.98,18.2
2019-08-22,23.96,32.15,17.14,59.06,0.13,2.19,18.03
2019-08-23,23.95,32.43,17.58,59.79,0.07,2.14,23.66
2019-08-24,23.27,29.37,18.13,64.23,0.34,2.12,14.01
2019-08-25,24.2,33.03,16.18,59.11,0.09,1.82,20.15
2019-08-26,24.37,32.71,18.0,61.91,0.21,2.0,21.26
2019-08-27,24.55,33.58,17.47,58.78,0.16,1.8,21.62
2019-08-28,24.0,32.41,17.99,59.71,0.22,2.1,20.77
2019-08-29,23.83,31.9,17.1,61.05,0.14,1.88,18.67
2019-08-30,24.36,32.05,18.15,62.58,0.24,1.8,14.02
2019-08-31,24.53,32.55,18.11,61.52,0.11,1.75,18.72
2019-09-01,25.21,33.91,18.58,61.39,0.16,1.73,18.76
2019-09-02,24.72,32.81,18.62,60.29,0.12,1.89,12.84
2019-09-03,24.33,32.93,17.54,59.12,0.2,2.12,20.29
2019-09-04,24.45,32.93,18.07,56.21,0.14,1.84,21.38
2019-09-05,23.91,32.13,16.53,56.12,0.07,1.77,20.35
2019-09-06,24.65,32.27,18.57,59.07,0.19,1.77,20.63
2019-09-07,23.89,32.24,17.9,59.27,0.22,2.18,19.51
2019-09-08,23.02,30.94,16.38,59.26,0.13,2.08,18.76
2019-09-09,23.64,32.11,16.81,59.31,0.8,2.09,22.77
2019-09-10,23.79,30.99,18.44,68.25,3.52,2.19,15.64
2019-09-11,23.9,31.97,17.84,64.47,0.42,1.85,18.46
2019-09-12,24.3,32.8,17.55,63.32,0.25,1.88,22.24
2019-09-13,24.73,33.27,17.81,63.14,0.14,1.82,20.24
2019-09-14,25.06,34.2,18.02,62.64,0.07,1.61,21.42
2019-09-15,24.98,34.06,18.19,61.14,0.11,1.79,21.93
2019-09-16,24.33,33.11,17.77,60.72,0.04,1.98,21.85
2019-09-17,24.14,33.31,16.97,60.08,0.06,1.85,22.63
2019-09-18,24.39,33.1,17.43,57.43,0.01,1.81,26.27
2019-09-19,24.3,33.19,18.14,54.78,0.01,2.0,25.59
2019-09-20,24.15,33.44,17.2,55.63,0.0,1.81,21.71
2019-09-21,24.64,33.83,17.99,57.57,0.0,1.87,24.07
2019-09-22,24.0,30.95,18.03,56.85,0.01,1.76,23.86
2019-09-23,24.38,33.57,17.1,59.64,0.35,1.76,18.96
2019-09-24,24.89,34.0,18.27,59.91,0.4,1.69,16.83
2019-09-25,25.0,34.13,16.87,62.69,0.54,1.67,23.84
2019-09-26,24.61,32.01,19.34,67.09,2.61,2.1,15.51
2019-09-27,23.87,31.02,18.52,63.13,0.55,1.88,17.09
2019-09-28,25.13,35.2,17.2,54.7,0.12,1.26,26.23
2019-09-29,25.42,34.7,18.39,52.23,0.05,1.31,24.87
2019-09-30,26.0,35.04,19.71,63.28,1.18,1.49,24.58
2019-10-01,24.59,31.03,20.38,75.02,10.09,1.21,14.6
2019-10-02,25.09,33.4,19.53,65.17,0.79,1.28,17.94
2019-10-03,22.67,29.94,17.48,77.55,6.28,1.35,21.44
2019-10-04,23.96,31.97,18.27,67.62,1.85,1.31,19.62
2019-10-05,22.85,29.04,18.48,73.57,9.38,1.36,17.13
2019-10-06,22.92,30.16,17.47,69.86,0.59,1.25,16.93
2019-10-07,23.33,31.44,16.95,66.81,0.36,1.2,23.54
2019-10-08,23.7,31.62,16.93,73.31,26.05,1.36,23.5
2019-10-09,23.52,30.63,18.75,76.55,16.67,1.15,17.8
2019-10-10,23.34,29.48,19.1,77.47,8.38,1.24,20.18
2019-10-11,23.5,30.25,19.52,77.6,2.97,1.15,19.73
2019-10-12,23.29,30.33,18.23,77.45,22.87,1.17,19.61
2019-10-13,23.04,29.12,19.54,80.96,6.83,1.21,14.63
2019-10-14,23.57,31.08,18.43,75.71,1.5,1.12,15.8
2019-10-15,23.15,30.64,17.38,69.06,0.05,0.93,25.04
2019-10-16,23.49,31.77,16.95,74.33,4.18,1.17,21.94
2019-10-17,23.26,29.41,19.25,80.02,25.47,1.16,17.67
2019-10-18,22.93,29.54,18.71,79.73,21.83,1.02,19.92
2019-10-19,22.8,28.37,18.99,79.2,1.56,0.94,18.5
2019-10-20,23.12,30.75,18.75,76.21,2.1,0.87,21.34
2019-10-21,24.25,32.06,19.07,74.67,0.56,0.85,21.17
2019-10-22,24.45,32.99,18.63,73.78,1.99,0.73,21.78
2019-10-23,23.94,30.88,19.68,79.54,3.3,0.63,19.14
2019-10-24,23.34,29.25,19.7,76.89,7.11,0.73,18.18
2019-10-25,23.27,28.68,18.36,77.96,14.97,0.65,15.84
2019-10-26,22.77,27.72,19.47,80.85,2.54,0.71,20.48
2019-10-27,23.23,29.8,18.85,81.41,40.36,0.69,20.46
2019-10-28,23.39,30.32,18.25,78.23,5.26,0.53,18.86
2019-10-29,24.18,31.02,19.76,79.2,3.66,0.61,19.54
2019-10-30,23.65,29.63,19.6,79.94,2.39,0.68,19.69
2019-10-31,24.1,32.82,18.5,72.2,0.41,0.55,21.59
2019-11-01,23.97,32.1,18.81,72.97,0.44,0.69,23.54
2019-11-02,23.19,30.61,18.02,72.98,0.18,0.72,24.43
2019-11-03,23.27,31.29,18.35,74.92,0.91,0.66,25.58
2019-11-04,23.69,32.3,17.86,73.1,0.43,0.59,24.61
2019-11-05,24.13,32.78,18.39,71.41,0.17,0.64,23.72
2019-11-06,24.06,32.94,17.26,72.64,2.26,0.75,24.78
2019-11-07,24.12,31.79,18.62,74.33,5.84,0.68,20.25
2019-11-08,23.97,32.07,18.09,73.39,1.3,0.57,22.0
2019-11-09,24.06,30.79,19.1,78.57,4.28,0.54,21.07
2019-11-10,24.28,31.08,19.57,78.96,8.85,0.61,21.37
2019-11-11,24.06,30.87,19.14,79.36,7.35,0.64,20.49
2019-11-12,22.57,26.28,19.9,86.24,18.99,0.54,15.86
2019-11-13,22.93,28.76,18.57,82.86,15.93,0.49,16.2
2019-11-14,23.16,28.5,19.72,83.51,7.91,0.5,18.1
2019-11-15,24.17,30.97,19.89,80.04,4.44,0.42,23.15
2019-11-16,24.14,30.44,19.97,81.07,2.01,0.44,22.31
2019-11-17,23.25,28.01,20.69,83.78,7.76,0.43,22.36
2019-11-18,23.41,29.72,19.84,83.39,6.51,0.43,20.69
2019-11-19,23.35,29.09,20.5,83.57,6.01,0.43,18.96
2019-11-20,23.93,29.63,19.97,77.03,5.21,0.36,20.34
2019-11-21,24.03,31.54,19.23,75.78,1.17,0.32,22.36
2019-11-22,23.55,29.48,19.6,80.78,2.37,0.32,20.94
2019-11-23,22.18,25.5,20.2,89.18,4.9,0.39,18.17
2019-11-24,23.08,28.92,19.23,84.69,14.48,0.24,12.2
2019-11-25,23.08,28.89,20.02,84.49,24.39,0.3,18.66
2019-11-26,23.5,31.33,19.37,80.56,6.89,0.21,21.02
2019-11-27,23.36,29.68,19.27,81.96,4.9,0.35,23.56
2019-11-28,23.77,30.63,19.59,79.7,0.96,0.32,20.72
2019-11-29,23.97,31.42,19.39,78.62,1.32,0.29,24.31
2019-11-30,23.39,29.7,19.94,84.96,16.71,0.31,19.7
2019-12-01,23.52,29.7,20.17,82.42,7.15,0.39,17.7
2019-12-02,23.8,30.44,18.99,79.39,8.95,0.27,22.57
2019-12-03,23.68,30.76,19.67,79.06,9.92,0.32,23.37
2019-12-04,23.95,31.9,18.86,75.19,0.14,0.2,25.08
2019-12-05,23.86,30.87,18.9,77.81,0.4,0.24,21.02
2019-12-06,23.36,29.27,19.48,80.74,1.1,0.21,21.12
2019-12-07,24.09,30.2,20.43,81.85,7.39,0.24,21.74
2019-12-08,24.8,31.56,20.26,79.01,2.67,0.26,16.57
2019-12-09,22.84,26.4,20.51,89.87,7.37,0.21,6.9
2019-12-10,23.95,30.02,20.46,83.18,4.19,0.27,18.95
2019-12-11,23.02,28.05,19.76,84.04,1.83,0.27,20.27
2019-12-12,23.32,29.59,18.24,80.33,2.48,0.24,19.96
2019-12-13,23.01,28.79,19.47,81.95,1.11,0.27,24.31
2019-12-14,23.27,29.48,19.17,82.1,3.14,0.28,22.21
2019-12-15,23.58,30.36,18.95,80.67,4.72,0.2,22.42
2019-12-16,23.82,30.82,18.79,79.56,0.97,0.19,24.59
2019-12-17,23.16,27.86,19.31,83.9,1.17,0.19,21.33
2019-12-18,23.07,27.56,20.27,86.2,4.04,0.22,20.97
2019-12-19,23.51,29.91,19.52,78.19,3.06,0.22,24.14
2019-12-20,23.06,29.67,18.35,81.52,18.9,0.24,22.79
2019-12-21,22.28,26.14,20.12,91.62,32.26,0.22,10.73
2019-12-22,22.68,28.19,19.65,84.03,0.35,0.24,16.98
2019-12-23,23.44,29.72,19.08,83.66,3.86,0.23,19.93
2019-12-24,23.96,29.94,20.34,83.75,3.69,0.21,20.61
2019-12-25,23.78,29.27,20.64,85.12,4.26,0.2,19.71
2019-12-26,24.41,30.79,20.35,81.5,2.32,0.22,20.26
2019-12-27,25.15,33.12,19.2,76.09,0.24,0.19,19.14
2019-12-28,23.28,27.13,20.11,86.91,1.97,0.16,16.74
2019-12-29,24.11,30.0,20.27,80.68,1.25,0.25,20.56
2019-12-30,23.95,30.25,19.53,80.94,0.75,0.23,20.16
2019-12-31,23.82,30.57,19.27,80.86,2.74,0.25,19.44
2020-01-01,24.16,32.14,17.73,74.23,0.08,0.22,25.46
2020-01-02,24.0,30.51,19.12,78.69,0.57,0.23,23.3
2020-01-03,23.65,29.74,19.63,81.71,0.68,0.24,22.39
2020-01-04,23.2,29.13,20.19,81.37,0.49,0.23,23.62
2020-01-05,23.59,30.29,18.82,76.25,0.14,0.28,22.99
2020-01-06,23.05,28.79,18.3,78.14,0.11,0.25,21.81
2020-01-07,23.93,28.89,21.16,80.44,1.69,0.29,22.02
2020-01-08,23.22,28.75,20.06,84.89,3.44,0.2,21.68
2020-01-09,23.42,28.83,20.03,84.43,2.98,0.2,23.6
2020-01-10,24.29,31.04,19.92,78.5,1.74,0.22,22.02
2020-01-11,24.21,30.67,20.62,78.53,1.66,0.21,24.47
2020-01-12,24.47,31.21,20.67,78.08,0.67,0.14,23.86
2020-01-13,24.31,30.52,20.1,80.27,9.92,0.22,12.45
2020-01-14,23.91,29.7,20.07,80.04,5.38,0.21,22.06
2020-01-15,23.78,29.37,20.2,83.98,4.31,0.21,22.21
2020-01-16,23.81,29.97,20.56,83.87,3.74,0.22,17.92
2020-01-17,24.17,31.41,19.68,77.73,0.34,0.2,21.91
2020-01-18,23.47,29.65,19.22,75.32,0.16,0.24,21.9
2020-01-19,22.98,28.69,18.62,76.27,0.46,0.18,20.38
2020-01-20,24.87,33.42,18.77,72.06,0.13,0.24,23.34
2020-01-21,25.18,34.22,18.83,69.11,0.08,0.25,26.42
2020-01-22,24.43,31.62,19.22,73.49,1.03,0.21,20.38
2020-01-23,23.71,29.53,20.23,82.0,2.04,0.17,13.17
2020-01-24,24.34,30.36,20.17,79.97,1.71,0.22,17.38
2020-01-25,22.86,27.03,20.62,90.01,9.77,0.25,16.27
2020-01-26,22.95,26.79,20.93,88.28,8.73,0.23,12.95
2020-01-27,23.64,28.84,20.13,82.79,5.12,0.25,19.16
2020-01-28,22.9,27.89,19.7,83.12,3.83,0.26,16.53
2020-01-29,22.83,29.13,18.45,81.35,3.6,0.25,16.79
2020-01-30,23.99,31.0,19.6,79.98,1.63,0.23,20.56
2020-01-31,23.75,28.7,20.09,84.46,5.39,0.24,20.16
2020-02-01,23.06,27.65,20.66,88.13,14.06,0.19,20.36
2020-02-02,24.04,31.06,20.62,81.41,5.19,0.15,20.75
2020-02-03,23.89,29.91,20.15,80.83,1.5,0.21,23.16
2020-02-04,24.0,30.7,20.26,79.61,0.88,0.25,24.61
2020-02-05,23.48,29.85,19.1,78.7,0.08,0.29,23.76
2020-02-06,24.07,31.79,19.19,74.8,0.1,0.3,23.55
2020-02-07,23.9,32.26,18.73,75.84,0.12,0.33,23.07
2020-02-08,24.43,32.06,19.41,75.17,0.2,0.27,23.11
2020-02-09,24.69,32.48,19.72,74.41,0.13,0.26,24.28
2020-02-10,25.59,35.02,19.72,67.96,0.17,0.26,26.45
2020-02-11,26.1,35.68,18.7,69.25,0.01,0.22,23.65
2020-02-12,25.9,34.24,20.13,72.07,0.1,0.22,22.02
2020-02-13,24.44,30.41,20.58,79.51,0.77,0.33,19.4
2020-02-14,24.71,31.26,20.63,76.51,0.8,0.36,19.95
2020-02-15,23.05,28.21,20.07,83.18,1.75,0.31,22.56
2020-02-16,24.6,32.04,19.43,74.12,0.45,0.29,22.75
2020-02-17,25.19,32.64,19.8,74.77,0.72,0.3,20.05
2020-02-18,25.53,33.41,19.98,74.02,0.82,0.28,20.44
2020-02-19,25.69,33.42,20.13,73.27,0.94,0.28,21.44
2020-02-20,26.52,34.94,20.69,69.44,0.24,0.29,25.88
2020-02-21,26.31,34.49,20.98,69.54,0.08,0.29,20.87
2020-02-22,26.07,33.89,20.59,69.43,0.12,0.34,21.02
2020-02-23,25.47,32.64,20.58,75.14,0.37,0.38,16.7
2020-02-24,26.11,33.64,21.39,71.65,0.31,0.33,22.27
2020-02-25,26.31,35.04,20.57,69.77,0.85,0.31,22.08
2020-02-26,24.48,29.43,21.42,80.57,15.14,0.29,21.18
2020-02-27,25.01,31.14,20.96,78.52,4.36,0.32,24.6
2020-02-28,25.67,33.3,20.44,73.88,0.7,0.3,20.38
2020-02-29,26.56,35.42,20.34,69.7,1.15,0.26,21.61
2020-03-01,25.2,30.93,21.03,78.8,11.08,0.18,21.9
2020-03-02,24.54,30.83,20.93,80.98,10.19,0.15,19.32
2020-03-03,26.12,33.48,20.91,74.0,1.84,0.3,24.41
2020-03-04,23.8,27.74,21.55,86.05,2.42,0.24,23.08
2020-03-05,24.58,31.35,20.75,74.56,0.77,0.27,22.57
2020-03-06,26.25,35.16,19.64,67.93,0.9,0.36,25.94
2020-03-07,25.76,33.51,20.42,73.47,1.34,0.24,26.52
2020-03-08,24.56,29.73,21.68,83.08,5.98,0.28,20.18
2020-03-09,25.65,32.05,21.42,77.15,1.58,0.33,20.87
2020-03-10,25.79,32.65,21.26,76.5,0.92,0.33,20.15
2020-03-11,24.52,29.8,21.24,82.47,1.82,0.39,18.31
2020-03-12,23.35,27.73,20.62,84.66,5.24,0.39,16.17
2020-03-13,25.08,31.81,20.59,79.58,2.07,0.51,19.65
2020-03-14,24.89,31.44,21.51,79.79,1.67,0.43,20.73
2020-03-15,26.01,34.15,20.96,73.7,0.17,0.34,22.02
2020-03-16,24.78,30.35,21.36,81.04,0.4,0.31,22.78
2020-03-17,25.27,32.03,21.53,78.45,2.42,0.41,19.26
2020-03-18,25.07,32.62,20.62,76.49,1.05,0.42,20.63
2020-03-19,25.39,32.87,20.11,73.13,0.77,0.4,24.78
2020-03-20,24.95,32.26,20.61,74.71,0.87,0.47,21.82
2020-03-21,25.39,33.53,20.02,70.85,0.34,0.5,25.43
2020-03-22,24.42,32.11,19.33,73.24,0.53,0.39,26.44
2020-03-23,24.76,32.22,19.43,73.44,0.05,0.45,24.96
2020-03-24,24.36,31.34,19.68,74.43,1.04,0.5,24.65
2020-03-25,24.92,32.43,20.03,75.27,2.27,0.48,25.05
2020-03-26,25.08,32.01,20.7,78.85,9.26,0.45,23.92
2020-03-27,22.38,25.76,20.12,89.42,27.47,0.24,11.46
2020-03-28,24.44,32.58,19.37,77.55,6.53,0.34,19.04
2020-03-29,23.26,28.33,20.17,84.37,3.04,0.3,24.9
2020-03-30,23.87,30.34,19.4,81.78,1.78,0.3,21.61
2020-03-31,23.65,29.67,20.65,85.39,1.58,0.3,21.79
2020-04-01,24.09,29.74,20.22,83.13,1.52,0.39,23.56
2020-04-02,24.68,30.86,20.66,80.13,2.52,0.46,19.73
2020-04-03,24.57,31.32,20.31,80.21,6.06,0.48,20.7
2020-04-04,24.71,32.3,19.41,75.8,0.22,0.46,21.18
2020-04-05,24.64,31.81,19.82,76.82,2.15,0.47,22.02
2020-04-06,24.74,31.59,20.1,77.65,5.0,0.46,20.56
2020-04-07,24.7,31.85,20.21,76.75,1.48,0.43,20.05
2020-04-08,24.08,30.54,20.07,77.4,0.2,0.42,21.52
2020-04-09,24.91,33.16,19.75,73.74,0.92,0.52,23.26
2020-04-10,24.58,32.57,19.37,75.8,1.21,0.61,19.82
2020-04-11,24.82,32.1,19.86,75.49,2.15,0.65,23.13
2020-04-12,23.8,29.21,20.36,84.81,3.55,0.55,21.45
2020-04-13,23.83,28.13,21.06,82.85,0.25,0.51,20.52
2020-04-14,25.4,33.57,19.79,73.92,0.73,0.47,21.09
2020-04-15,25.28,33.6,19.95,74.99,4.64,0.56,19.87
2020-04-16,23.9,29.56,20.23,80.9,4.11,0.52,20.65
2020-04-17,24.54,32.72,18.77,74.42,8.42,0.54,22.24
2020-04-18,22.51,26.8,20.14,86.21,16.28,0.58,19.47
2020-04-19,23.69,30.72,19.13,78.22,0.66,0.46,15.55
2020-04-20,23.0,28.77,20.06,82.53,4.6,0.49,19.81
2020-04-21,22.64,28.16,19.2,79.58,0.99,0.39,14.3
2020-04-22,23.07,29.43,19.06,80.03,3.37,0.3,15.35
2020-04-23,23.6,29.2,19.71,81.91,1.9,0.35,11.26
2020-04-24,23.94,31.88,19.15,79.3,7.18,0.43,20.62
2020-04-25,21.78,25.17,19.6,86.61,6.93,0.42,13.67
2020-04-26,23.5,31.5,18.51,76.01,0.27,0.49,23.03
2020-04-27,22.93,29.48,19.02,79.49,0.63,0.56,18.69
2020-04-28,22.84,28.96,19.18,82.71,3.78,0.51,21.06
2020-04-29,22.15,25.94,19.35,83.96,3.04,0.52,20.34
2020-04-30,23.6,31.24,18.54,75.81,2.23,0.69,21.95
2020-05-01,23.28,29.48,19.32,77.28,5.37,0.71,18.0
2020-05-02,22.01,28.67,18.2,80.14,3.28,0.56,18.91
2020-05-03,22.9,30.04,17.85,77.81,0.29,0.47,20.55
2020-05-04,23.91,31.94,18.18,76.6,0.32,0.61,21.42
2020-05-05,23.78,30.96,19.4,78.87,2.04,0.71,21.05
2020-05-06,22.03,27.93,18.51,82.73,6.09,0.63,18.44
2020-05-07,22.51,28.65,18.28,80.48,3.25,0.71,17.57
2020-05-08,22.18,27.54,18.07,81.67,3.77,0.64,17.31
2020-05-09,22.58,28.49,18.13,78.21,1.8,0.75,16.61
2020-05-10,22.03,27.65,18.25,78.69,2.56,0.83,16.28
2020-05-11,22.67,29.4,18.12,77.52,0.58,0.72,17.41
2020-05-12,22.73,28.38,18.87,80.84,1.96,0.62,18.09
2020-05-13,23.04,28.75,19.1,80.48,0.71,0.52,21.09
2020-05-14,23.66,31.14,18.45,77.07,1.97,0.41,22.09
2020-05-15,23.57,29.94,19.75,80.24,2.8,0.68,16.86
2020-05-16,22.48,29.9,17.73,73.34,0.44,0.61,19.58
2020-05-17,22.08,30.27,16.56,73.67,0.05,0.65,19.45
2020-05-18,21.31,30.44,15.35,68.44,0.08,0.63,22.31
2020-05-19,22.79,30.5,16.07,70.1,0.4,0.64,20.68
2020-05-20,23.46,29.77,18.26,73.86,1.71,0.73,15.41
2020-05-21,23.13,29.7,19.0,75.59,5.62,0.93,14.92
2020-05-22,22.68,30.51,17.92,70.87,0.28,0.78,22.74
2020-05-23,22.52,30.52,17.21,73.2,0.04,0.67,20.85
2020-05-24,23.02,31.55,17.61,70.69,0.04,0.59,18.96
2020-05-25,23.3,31.53,17.09,74.48,0.17,0.67,21.23
2020-05-26,23.96,31.47,18.51,75.3,0.55,0.66,20.23
2020-05-27,24.11,32.38,18.59,71.64,0.15,0.63,21.63
2020-05-28,24.01,32.19,18.09,72.87,0.73,0.67,21.96
2020-05-29,23.56,31.61,18.49,72.93,0.32,0.72,20.01
2020-05-30,23.1,31.37,17.73,68.72,0.09,0.76,23.69
2020-05-31,23.27,31.3,17.55,70.9,0.37,0.81,18.95
2020-06-01,23.06,31.31,17.28,69.75,0.16,0.84,21.71
2020-06-02,22.27,29.22,17.2,74.84,1.16,0.89,17.3
2020-06-03,22.31,29.46,17.39,75.23,1.73,0.88,16.48
2020-06-04,22.55,30.8,17.35,70.96,0.25,0.79,21.77
2020-06-05,22.01,28.49,17.01,72.53,0.06,0.73,20.48
2020-06-06,22.51,30.15,17.48,72.76,0.09,0.76,21.63
2020-06-07,22.85,29.49,18.28,71.0,0.34,0.91,17.38
2020-06-08,21.93,28.59,17.49,73.95,1.78,0.88,13.82
2020-06-09,21.54,29.55,15.79,70.9,0.36,0.76,16.47
2020-06-10,21.86,29.37,16.93,73.09,0.31,0.76,13.67
2020-06-11,21.92,30.21,16.08,70.9,0.14,0.72,15.2
2020-06-12,21.99,29.13,16.73,72.5,0.27,0.71,15.02
2020-06-13,22.37,29.28,17.66,71.13,0.2,0.88,12.06
2020-06-14,21.77,28.69,17.65,68.0,0.11,0.99,10.18
2020-06-15,21.43,29.28,16.42,67.04,0.08,0.82,11.17
2020-06-16,20.89,27.72,15.75,67.92,0.07,0.89,13.93
2020-06-17,21.12,29.38,15.76,59.73,0.03,0.97,17.18
2020-06-18,21.9,30.56,15.61,67.55,0.06,0.91,17.79
2020-06-19,22.4,30.51,16.36,68.22,0.07,0.92,18.96
2020-06-20,22.34,30.39,16.98,68.65,0.18,0.89,19.1
2020-06-21,21.48,27.44,17.48,71.32,1.3,0.89,19.57
2020-06-22,22.51,30.73,16.84,66.7,1.19,0.87,21.44
2020-06-23,23.41,31.26,17.11,68.83,0.43,1.03,18.94
2020-06-24,23.17,29.94,18.57,71.03,1.36,1.2,16.19
2020-06-25,22.87,30.23,17.65,70.43,0.43,1.06,14.02
2020-06-26,22.76,30.3,17.32,70.58,0.41,1.06,16.95
2020-06-27,22.62,30.92,17.33,70.01,0.37,1.02,18.78
2020-06-28,22.63,30.57,16.49,72.28,0.7,0.96,19.34
2020-06-29,22.68,31.32,16.98,64.85,0.14,0.98,23.06
2020-06-30,21.43,27.52,15.87,71.72,0.75,0.95,20.32
2020-07-01,22.62,29.72,18.37,69.78,0.11,1.28,15.33
2020-07-02,21.88,28.8,16.93,64.68,0.03,1.33,15.71
2020-07-03,21.56,29.5,16.24,61.39,0.02,1.16,19.13
2020-07-04,22.03,29.91,15.9,65.14,0.02,1.21,19.72
2020-07-05,21.91,29.6,16.42,67.54,0.6,1.26,18.25
2020-07-06,21.81,30.17,15.71,62.91,0.17,1.19,18.65
2020-07-07,22.1,30.31,15.71,65.07,0.29,1.29,19.22
2020-07-08,22.32,29.65,16.47,68.07,0.21,1.15,21.07
2020-07-09,22.09,29.05,16.97,75.02,2.81,1.23,13.81
2020-07-10,22.44,30.13,17.28,70.54,1.23,1.16,20.11
2020-07-11,22.19,30.1,16.25,70.52,0.25,1.15,16.93
2020-07-12,22.48,30.69,16.26,69.45,0.08,1.14,21.6
2020-07-13,22.0,28.74,17.43,68.52,0.21,1.28,18.23
2020-07-14,21.72,29.0,16.62,65.32,0.07,1.03,19.93
2020-07-15,21.92,28.91,17.52,71.36,0.28,1.3,14.84
2020-07-16,21.72,28.65,17.17,67.35,0.9,1.68,14.03
2020-07-17,20.12,27.98,14.47,57.12,0.01,1.67,17.95
2020-07-18,20.39,28.28,13.6,56.62,0.01,1.6,18.62
2020-07-19,21.19,28.63,15.65,62.22,0.08,1.51,17.22
2020-07-20,21.12,28.82,15.67,64.14,0.33,1.39,18.99
2020-07-21,21.41,28.84,15.42,60.12,0.07,1.29,19.22
2020-07-22,21.7,29.04,16.18,67.04,0.1,1.46,16.11
2020-07-23,21.72,29.7,15.9,65.6,0.12,1.61,13.21
2020-07-24,21.67,29.9,15.55,60.54,0.09,1.58,16.86
2020-07-25,21.49,30.24,14.38,60.49,0.02,1.59,22.52
2020-07-26,21.81,30.13,15.25,65.85,0.14,1.51,19.24
2020-07-27,22.51,30.51,16.04,65.05,0.05,1.37,17.31
2020-07-28,22.63,30.56,16.68,65.38,0.1,1.62,14.99
2020-07-29,22.78,31.16,16.7,64.15,0.04,1.49,22.32
2020-07-30,22.75,30.35,16.54,65.5,0.44,1.5,13.08
2020-07-31,22.95,30.77,16.9,68.86,0.98,1.55,15.55
2020-08-01,22.48,30.47,17.38,64.03,0.24,1.83,20.2
2020-08-02,20.96,28.96,14.02,63.42,0.13,1.65,17.12
2020-08-03,21.52,29.67,14.38,65.67,0.09,1.68,18.8
2020-08-04,22.36,31.2,15.7,60.99,0.03,1.62,20.76
2020-08-05,23.03,31.59,16.55,65.98,0.13,1.54,17.59
2020-08-06,23.68,32.21,17.59,65.58,0.14,1.53,19.43
2020-08-07,23.44,31.82,17.17,64.47,0.13,1.64,23.25
2020-08-08,22.8,30.32,17.33,64.01,0.08,2.14,18.8
2020-08-09,22.05,29.44,16.08,62.99,0.03,1.81,19.68
2020-08-10,21.98,29.56,16.41,65.81,0.05,1.53,16.54
2020-08-11,22.49,29.77,16.71,63.66,0.03,1.48,19.53
2020-08-12,22.47,29.56,17.49,67.84,0.14,1.69,10.42
2020-08-13,22.46,29.66,16.82,66.31,0.08,1.47,14.33
2020-08-14,22.57,29.58,17.18,62.96,0.1,1.6,16.84
2020-08-15,22.96,30.58,16.98,61.38,0.08,1.85,22.35
2020-08-16,22.94,30.98,16.42,61.95,0.28,1.93,20.9
2020-08-17,22.93,30.88,17.23,65.92,0.7,1.75,16.46
2020-08-18,22.99,31.79,14.99,64.84,0.4,1.88,21.35
2020-08-19,22.98,30.32,17.36,66.41,0.67,1.89,15.95
2020-08-20,22.86,29.82,17.03,65.01,0.53,1.87,15.7
2020-08-21,22.67,29.87,16.91,64.93,0.33,2.02,15.97
2020-08-22,22.31,29.95,16.36,62.65,0.34,2.03,13.58
2020-08-23,22.35,30.34,16.26,64.99,1.16,1.97,15.82
2020-08-24,22.55,30.34,17.19,66.1,0.5,1.97,17.75
2020-08-25,22.91,31.26,15.6,63.33,0.06,1.85,22.53
2020-08-26,23.46,31.88,16.11,64.09,0.28,1.94,21.12
2020-08-27,23.64,31.86,17.35,65.07,0.35,1.82,15.57
2020-08-28,23.72,32.55,17.39,61.44,0.07,1.9,22.45
2020-08-29,23.57,32.34,17.11,59.49,0.03,1.89,21.55
2020-08-30,23.7,32.54,17.01,57.98,0.0,1.67,25.07
2020-08-31,23.85,32.82,16.85,60.81,0.01,1.82,25.67
2020-09-01,23.19,31.9,16.93,56.53,0.02,1.97,24.49
2020-09-02,22.48,31.27,14.51,58.11,0.01,2.06,23.14
2020-09-03,23.22,31.5,17.04,59.27,0.06,1.99,19.77
2020-09-04,23.44,31.16,17.37,61.2,0.11,1.82,20.69
2020-09-05,23.03,30.16,17.9,67.8,0.45,1.72,12.83
2020-09-06,22.38,29.3,17.83,67.03,0.58,1.9,7.87
2020-09-07,22.3,28.92,17.74,61.68,0.13,1.95,10.68
2020-09-08,22.58,30.3,16.9,59.45,0.09,1.86,14.27
2020-09-09,23.17,31.43,16.73,58.82,0.08,1.84,20.77
2020-09-10,23.61,32.39,16.49,59.53,0.08,2.16,19.46
2020-09-11,23.98,32.82,16.59,59.65,0.06,1.87,16.43
2020-09-12,24.33,33.26,17.33,56.98,0.05,2.02,24.73
2020-09-13,24.73,33.61,18.21,55.6,0.07,2.03,23.41
2020-09-14,24.61,33.1,17.18,59.85,0.03,1.96,22.25
2020-09-15,24.58,33.14,18.27,64.12,0.21,1.84,21.43
2020-09-16,24.78,34.2,17.58,57.44,0.15,1.74,25.72
2020-09-17,24.42,34.18,16.29,57.59,0.11,1.86,26.17
2020-09-18,24.29,33.22,17.14,63.08,0.76,1.87,22.17
2020-09-19,24.23,32.92,18.25,64.58,1.34,1.96,19.5
2020-09-20,23.52,32.7,16.17,61.04,0.34,1.67,20.39
2020-09-21,23.77,32.91,16.95,59.47,0.36,1.56,21.87
2020-09-22,24.42,33.99,17.51,56.96,0.15,1.61,24.99
2020-09-23,23.98,32.16,18.06,68.6,4.46,1.95,15.6
2020-09-24,23.86,31.34,18.39,67.31,1.42,1.72,18.5
2020-09-25,23.67,31.97,18.22,65.6,1.22,1.77,19.18
2020-09-26,23.29,31.35,16.95,64.53,0.85,1.45,17.61
2020-09-27,24.48,33.4,17.65,61.95,0.31,1.22,24.11
2020-09-28,25.28,33.98,18.79,65.27,0.59,1.35,17.92
2020-09-29,25.52,34.0,19.35,64.3,0.41,1.51,20.38
2020-09-30,25.32,34.63,18.47,59.69,0.06,1.48,22.62
2020-10-01,25.11,34.12,17.18,59.88,0.07,1.5,25.39
2020-10-02,24.94,32.47,18.73,62.01,0.21,1.42,21.81
2020-10-03,25.3,34.53,18.45,58.27,0.05,1.53,26.7
2020-10-04,25.37,34.76,18.49,54.21,0.05,1.47,27.54
2020-10-05,25.68,35.52,17.6,53.83,0.03,1.24,25.68
2020-10-06,25.31,34.75,17.31,50.49,0.05,1.04,27.74
2020-10-07,25.13,34.64,17.66,53.26,0.03,1.1,26.52
2020-10-08,25.5,34.89,16.87,55.31,0.32,1.15,25.78
2020-10-09,26.08,35.89,17.6,54.84,0.3,1.02,26.01
2020-10-10,26.34,35.8,18.92,57.24,1.18,1.04,26.64
2020-10-11,26.29,36.02,18.64,53.18,0.34,0.98,27.15
2020-10-12,26.19,35.55,19.11,52.29,0.47,1.03,26.52
2020-10-13,26.29,35.08,18.81,58.5,0.38,1.24,24.84
2020-10-14,26.48,34.7,20.16,59.52,0.13,1.43,21.13
2020-10-15,25.89,34.44,17.8,59.13,0.14,1.22,25.14
2020-10-16,25.33,33.1,19.48,61.35,1.39,1.42,23.63
2020-10-17,24.64,33.19,17.88,58.63,0.14,1.37,22.11
2020-10-18,25.12,33.9,18.47,57.74,0.4,1.19,23.19
2020-10-19,25.09,33.19,18.79,60.64,1.36,1.08,20.94
2020-10-20,24.36,31.54,17.62,60.04,0.79,0.94,22.7
2020-10-21,25.35,34.34,18.94,55.36,0.8,1.03,25.9
2020-10-22,25.16,34.26,17.12,61.49,1.04,1.08,22.08
2020-10-23,25.41,33.82,17.75,58.82,0.32,1.03,24.17
2020-10-24,25.59,33.78,17.99,58.55,0.12,1.03,20.39
2020-10-25,25.39,33.32,19.24,62.92,0.83,1.05,17.28
2020-10-26,25.08,32.3,19.35,60.56,0.44,0.88,17.56
2020-10-27,25.13,33.16,18.68,60.75,1.17,0.87,16.39
2020-10-28,24.84,32.23,19.75,69.86,3.81,1.03,15.23
2020-10-29,24.01,31.61,19.01,66.86,1.22,1.07,19.71
2020-10-30,23.52,30.39,18.42,72.09,3.49,1.01,13.03
2020-10-31,24.02,31.51,18.21,68.98,1.08,0.89,20.91
2020-11-01,24.49,32.96,18.08,66.31,0.9,0.84,21.37
2020-11-02,24.82,33.31,18.29,63.79,1.24,0.81,21.59
2020-11-03,24.39,31.98,19.04,68.49,4.21,0.84,15.55
2020-11-04,24.34,32.48,18.45,67.99,1.73,0.73,15.58
2020-11-05,24.25,31.94,18.65,70.35,4.97,0.71,16.03
2020-11-06,24.87,33.26,18.91,66.0,1.23,0.69,19.14
2020-11-07,24.7,33.11,18.13,61.09,0.54,0.66,21.56
2020-11-08,24.47,32.61,18.34,71.78,5.57,0.71,19.27
2020-11-09,24.2,30.99,19.83,75.63,11.8,0.7,18.19
2020-11-10,22.72,28.9,19.7,84.93,27.43,0.46,19.32
2020-11-11,23.9,30.74,19.54,76.46,4.63,0.57,20.3
2020-11-12,24.26,31.51,19.55,74.78,2.26,0.52,22.98
2020-11-13,24.21,31.3,19.67,75.91,1.28,0.52,19.5
2020-11-14,24.48,31.95,19.38,72.6,0.32,0.49,20.36
2020-11-15,24.86,32.47,19.42,71.49,0.35,0.46,21.99
2020-11-16,24.39,31.41,19.88,75.79,2.51,0.57,18.72
2020-11-17,23.99,30.41,20.18,79.23,24.56,0.54,19.29
2020-11-18,23.75,30.15,19.77,78.15,20.35,0.48,21.12
2020-11-19,24.08,31.17,19.49,78.64,13.88,0.36,21.23
2020-11-20,24.02,30.64,20.33,79.75,19.0,0.44,19.09
2020-11-21,23.94,30.53,19.91,80.45,16.32,0.38,21.18
2020-11-22,24.15,30.9,20.05,80.06,4.81,0.41,18.84
2020-11-23,24.54,31.67,19.8,77.95,0.69,0.38,22.11
2020-11-24,24.22,31.89,19.37,77.26,0.28,0.31,21.69
2020-11-25,24.29,32.6,19.34,72.36,0.07,0.34,24.71
2020-11-26,23.94,30.41,18.73,76.12,0.1,0.3,20.66
2020-11-27,24.62,32.2,19.65,74.29,0.93,0.33,18.87
2020-11-28,23.51,29.58,19.87,81.3,6.2,0.4,11.48
2020-11-29,23.98,30.8,19.52,79.83,4.61,0.3,18.9
2020-11-30,24.73,32.01,20.05,75.58,2.1,0.32,23.73
2020-12-01,23.68,29.97,19.89,81.46,4.06,0.28,18.72
2020-12-02,22.55,26.83,20.02,87.51,14.4,0.27,18.44
2020-12-03,22.82,28.32,19.8,84.27,15.35,0.32,17.94
2020-12-04,23.08,29.59,19.13,82.93,12.99,0.3,18.34
2020-12-05,23.6,30.71,19.16,80.71,4.26,0.24,21.55
2020-12-06,23.86,31.26,18.92,79.16,1.81,0.22,21.2
2020-12-07,24.37,31.97,19.16,77.39,0.73,0.22,22.93
2020-12-08,23.89,30.87,19.34,78.27,1.15,0.25,20.29
2020-12-09,23.56,29.5,19.36,81.02,3.48,0.3,18.33
2020-12-10,22.37,26.58,20.18,85.91,6.83,0.31,21.96
2020-12-11,23.86,31.51,18.08,72.72,0.27,0.32,21.58
2020-12-12,23.9,31.0,19.03,76.59,0.04,0.25,20.91
2020-12-13,23.66,30.66,18.67,75.3,0.05,0.27,21.54
2020-12-14,23.76,32.15,18.22,71.89,0.01,0.19,23.79
2020-12-15,24.11,32.9,17.78,70.44,0.01,0.21,24.71
2020-12-16,24.46,32.03,19.22,73.0,0.05,0.23,21.89
2020-12-17,24.15,31.1,19.82,75.47,1.47,0.26,20.83
2020-12-18,24.29,31.8,19.55,74.18,1.21,0.22,20.47
2020-12-19,24.23,31.14,19.32,74.37,0.56,0.21,19.27
2020-12-20,24.2,30.94,19.82,77.89,4.4,0.22,20.37
2020-12-21,24.56,32.12,19.47,74.41,0.88,0.26,19.76
2020-12-22,24.85,32.68,19.57,71.76,0.84,0.24,21.64
2020-12-23,24.81,32.14,19.72,72.53,1.01,0.24,19.75
2020-12-24,24.83,31.16,20.6,73.44,1.44,0.24,20.72
2020-12-25,25.2,33.06,19.49,70.37,0.34,0.24,20.62
2020-12-26,24.83,32.58,19.41,68.64,0.59,0.25,19.62
2020-12-27,24.49,32.49,19.42,65.1,0.71,0.26,21.24
2020-12-28,24.06,32.14,17.5,64.06,0.32,0.28,24.4
2020-12-29,25.14,33.66,19.52,67.46,0.51,0.23,22.7
2020-12-30,24.86,32.41,19.71,71.56,3.73,0.24,18.07
2020-12-31,23.98,29.93,20.6,80.58,12.5,0.27,13.28
2021-01-01,22.71,27.84,19.67,78.95,1.98,0.25,17.93
2021-01-02,23.58,31.25,18.44,76.16,1.25,0.22,24.05
2021-01-03,24.15,30.91,19.51,75.82,1.65,0.21,23.09
2021-01-04,23.22,29.0,19.57,77.61,0.87,0.24,23.05
2021-01-05,23.85,31.53,18.43,70.85,0.17,0.24,18.16
2021-01-06,24.17,32.13,18.8,69.94,0.28,0.21,21.78
2021-01-07,23.55,32.29,17.14,67.06,0.18,0.26,23.86
2021-01-08,24.4,33.32,17.79,66.64,0.19,0.22,21.21
2021-01-09,24.75,32.43,18.69,70.06,1.12,0.26,18.61
2021-01-10,21.94,28.52,18.91,72.93,2.66,0.23,7.64
2021-01-11,23.58,31.3,16.89,62.55,0.68,0.23,15.7
2021-01-12,23.85,31.22,17.65,69.44,0.46,0.21,10.37
2021-01-13,24.64,32.58,18.78,66.67,0.41,0.24,18.16
2021-01-14,25.05,33.2,19.09,64.29,0.37,0.26,18.25
2021-01-15,25.38,33.65,19.27,66.0,0.55,0.19,21.45
2021-01-16,25.12,32.74,19.48,68.12,0.91,0.2,22.36
2021-01-17,25.21,33.1,19.54,68.69,1.66,0.19,19.55
2021-01-18,25.77,33.87,19.86,65.28,1.12,0.19,21.46
2021-01-19,25.67,33.92,19.65,60.6,0.26,0.25,24.33
2021-01-20,25.63,34.07,18.85,60.76,0.14,0.23,23.42
2021-01-21,25.0,33.61,18.8,67.18,0.42,0.28,17.99
2021-01-22,24.82,31.23,20.33,73.12,1.67,0.28,13.66
2021-01-23,24.72,32.04,20.04,67.62,0.17,0.28,17.84
2021-01-24,25.1,32.8,19.07,62.69,0.03,0.26,23.39
2021-01-25,24.61,31.43,19.65,67.46,0.42,0.27,18.98
2021-01-26,24.82,33.03,19.58,65.08,0.13,0.23,21.46
2021-01-27,24.64,34.02,18.16,62.72,0.02,0.23,26.05
2021-01-28,25.23,34.41,19.0,63.94,0.06,0.25,23.3
2021-01-29,25.47,33.73,19.56,62.44,0.14,0.3,18.3
2021-01-30,25.48,33.65,19.41,62.95,0.15,0.27,19.41
2021-01-31,24.73,33.2,19.28,60.28,0.03,0.28,26.28
2021-02-01,24.47,33.45,17.28,58.97,0.01,0.33,26.82
2021-02-02,25.86,34.39,19.06,57.5,0.08,0.31,25.97
2021-02-03,25.13,33.64,19.27,59.63,0.08,0.26,21.74
2021-02-04,26.04,34.9,19.36,58.03,0.0,0.26,26.88
2021-02-05,25.84,34.55,19.26,60.66,1.11,0.23,25.1
2021-02-06,26.06,34.23,19.54,61.83,0.88,0.21,18.23
2021-02-07,25.75,32.46,20.19,66.06,1.46,0.23,18.45
2021-02-08,24.5,30.8,20.08,74.43,8.36,0.25,10.15
2021-02-09,24.05,30.61,20.09,71.58,1.35,0.31,13.46
2021-02-10,24.48,31.9,19.48,68.22,0.66,0.28,17.21
2021-02-11,24.68,32.28,19.44,66.52,0.44,0.25,15.61
2021-02-12,25.7,33.84,19.35,61.01,0.34,0.31,14.94
2021-02-13,23.85,29.53,19.95,74.5,2.43,0.2,16.87
2021-02-14,25.25,32.9,19.33,69.3,1.89,0.21,19.81
2021-02-15,25.48,34.03,19.56,64.59,0.12,0.31,20.88
2021-02-16,25.61,34.59,19.22,63.24,0.12,0.3,18.29
2021-02-17,25.44,34.17,19.06,62.97,0.14,0.33,21.74
2021-02-18,25.14,33.92,18.91,60.15,0.12,0.33,25.09
2021-02-19,26.24,35.27,18.57,54.86,0.01,0.48,26.31
2021-02-20,26.16,34.67,19.24,52.72,0.06,0.37,23.94
2021-02-21,26.55,35.21,19.35,57.89,0.21,0.28,21.64
2021-02-22,24.59,29.3,20.95,70.76,1.0,0.36,19.15
2021-02-23,26.17,34.6,19.84,59.21,0.18,0.32,22.6
2021-02-24,25.93,33.64,19.7,58.64,0.19,0.32,19.8
2021-02-25,26.48,34.94,19.66,57.66,0.07,0.29,22.48
2021-02-26,26.29,35.47,19.73,55.45,0.06,0.3,27.07
2021-02-27,26.11,36.71,17.63,47.92,0.0,0.36,27.71
2021-02-28,26.84,36.25,19.27,52.2,0.05,0.37,25.88
2021-03-01,26.01,33.12,19.97,58.58,0.19,0.39,25.53
2021-03-02,26.05,34.63,19.96,55.82,0.09,0.4,27.57
2021-03-03,26.26,34.74,19.18,53.94,0.04,0.48,22.84
2021-03-04,26.3,33.78,20.26,59.72,0.16,0.46,16.36
2021-03-05,26.33,34.07,20.38,57.11,0.26,0.35,24.71
2021-03-06,27.15,35.32,20.3,52.76,0.04,0.45,26.49
2021-03-07,26.65,34.55,20.12,55.27,0.04,0.44,26.35
2021-03-08,26.76,34.97,19.97,55.81,0.03,0.47,19.37
2021-03-09,26.35,34.26,19.84,57.1,0.03,0.51,21.45
2021-03-10,26.13,35.05,19.52,55.17,0.02,0.46,21.79
2021-03-11,26.14,35.32,19.15,52.11,0.0,0.45,27.93
2021-03-12,25.61,34.58,18.81,56.68,0.44,0.46,24.38
2021-03-13,25.98,34.88,19.09,57.05,0.77,0.44,25.27
2021-03-14,26.28,35.45,18.83,56.17,0.33,0.49,25.55
2021-03-15,26.3,35.05,19.24,55.87,0.2,0.54,26.36
2021-03-16,26.27,34.2,19.38,57.39,0.4,0.54,26.3
2021-03-17,26.15,34.09,18.73,56.49,0.94,0.57,24.77
2021-03-18,26.52,34.84,19.48,60.34,4.56,0.54,23.92
2021-03-19,25.82,33.34,20.09,66.51,5.0,0.53,21.73
2021-03-20,25.36,33.94,19.79,66.78,4.42,0.5,23.92
2021-03-21,25.11,34.21,18.69,65.35,2.76,0.44,22.81
2021-03-22,26.02,34.33,19.69,65.64,0.42,0.49,24.13
2021-03-23,25.72,33.25,20.03,67.97,0.4,0.52,23.84
2021-03-24,25.66,32.78,20.25,66.54,0.5,0.49,22.02
2021-03-25,26.54,34.9,19.78,62.77,0.07,0.46,26.06
2021-03-26,25.9,32.92,20.47,66.85,0.25,0.43,23.63
2021-03-27,25.04,31.24,20.67,67.02,0.42,0.26,19.22
2021-03-28,25.79,32.22,20.91,60.92,0.47,0.39,18.04
2021-03-29,26.18,33.83,20.09,61.09,0.84,0.48,24.07
2021-03-30,25.44,32.78,20.47,70.61,2.26,0.49,20.59
2021-03-31,25.46,33.62,19.73,69.65,1.24,0.55,22.27
2021-04-01,24.49,31.58,20.06,72.8,2.66,0.57,22.27
2021-04-02,23.32,28.63,19.41,76.75,15.03,0.52,23.88
2021-04-03,25.07,33.87,18.78,67.88,0.68,0.53,23.52
2021-04-04,25.44,34.21,19.81,69.3,1.79,0.63,20.79
2021-04-05,25.06,31.97,20.69,73.37,2.48,0.63,19.81
2021-04-06,24.69,30.57,20.98,77.56,2.16,0.43,22.46
2021-04-07,24.78,31.84,20.46,73.54,3.04,0.58,19.39
2021-04-08,24.92,31.79,20.69,76.05,6.74,0.66,21.59
2021-04-09,25.48,33.62,19.62,69.27,0.65,0.5,23.72
2021-04-10,25.51,33.75,20.08,69.28,0.89,0.56,21.44
2021-04-11,25.41,34.15,19.02,68.55,0.7,0.64,21.24
2021-04-12,25.54,33.96,19.44,64.28,0.7,0.65,22.37
2021-04-13,24.85,33.16,17.79,65.86,0.21,0.57,22.15
2021-04-14,25.49,33.29,19.64,62.75,0.07,0.53,22.45
2021-04-15,26.04,34.64,19.37,63.18,0.12,0.53,20.68
2021-04-16,25.98,33.98,20.31,66.39,0.82,0.57,19.95
2021-04-17,25.75,33.2,20.5,69.16,1.13,0.72,22.5
2021-04-18,24.44,31.63,19.35,72.21,8.28,0.68,19.11
2021-04-19,23.73,30.69,18.66,69.29,1.55,0.67,20.82
2021-04-20,24.19,32.6,18.3,68.51,0.27,0.56,21.37
2021-04-21,24.57,33.24,18.31,65.18,0.7,0.6,21.37
2021-04-22,25.08,33.62,18.95,67.38,0.58,0.62,21.75
2021-04-23,24.79,32.82,18.99,68.05,0.63,0.55,19.64
2021-04-24,25.83,34.19,19.64,69.02,1.75,0.5,20.19
2021-04-25,24.64,31.49,20.73,74.84,4.85,0.42,19.31
2021-04-26,25.54,33.81,18.98,66.7,0.37,0.51,21.6
2021-04-27,24.75,31.41,20.57,70.01,0.76,0.63,18.73
2021-04-28,24.37,32.61,18.36,72.04,5.57,0.65,20.01
2021-04-29,24.79,33.03,18.81,71.59,0.99,0.57,21.99
2021-04-30,24.56,32.0,18.91,69.87,0.76,0.59,21.39
2021-05-01,25.34,33.11,19.16,68.98,0.13,0.5,23.07
2021-05-02,24.93,31.48,19.81,71.31,0.18,0.62,21.38
2021-05-03,23.61,28.79,20.35,77.75,9.46,0.6,18.69
2021-05-04,23.57,29.8,19.54,76.37,3.0,0.75,18.79
2021-05-05,21.18,24.96,18.59,79.43,1.85,0.66,19.52
2021-05-06,23.67,31.98,17.69,67.18,0.37,0.63,20.48
2021-05-07,23.85,31.84,18.23,66.78,0.7,0.69,21.31
2021-05-08,24.29,32.92,18.5,64.7,0.48,0.51,20.93
2021-05-09,24.06,31.4,18.94,68.03,0.71,0.4,17.67
2021-05-10,23.96,30.81,18.81,69.87,0.16,0.37,14.64
2021-05-11,23.17,30.7,18.0,66.77,1.61,0.61,13.26
2021-05-12,22.4,29.71,18.06,71.52,1.29,0.56,13.94
2021-05-13,23.38,30.7,17.87,69.02,1.1,0.61,15.74
2021-05-14,23.6,32.54,17.17,62.55,0.16,0.64,20.11
2021-05-15,24.29,33.09,16.99,63.12,0.07,0.62,22.16
2021-05-16,24.68,33.45,17.73,64.24,0.14,0.62,21.51
2021-05-17,24.13,30.41,18.98,72.78,1.56,0.69,15.92
2021-05-18,24.9,33.03,19.54,68.05,0.42,0.7,17.87
2021-05-19,24.0,31.88,18.45,67.4,0.26,0.77,21.41
2021-05-20,24.26,32.07,19.0,65.83,0.35,0.71,17.82
2021-05-21,23.81,32.85,17.25,57.95,0.05,0.68,19.67
2021-05-22,23.79,32.15,16.97,63.62,0.06,0.73,18.58
2021-05-23,23.91,31.33,18.2,61.29,0.06,0.91,16.54
2021-05-24,23.55,30.67,18.27,61.07,0.05,0.85,14.82
2021-05-25,23.61,31.56,17.86,57.42,0.03,0.83,19.46
2021-05-26,21.51,28.12,17.53,72.09,15.96,0.78,18.12
2021-05-27,21.83,29.3,16.13,74.22,3.97,0.74,20.78
2021-05-28,21.28,27.72,16.99,81.33,34.02,0.69,13.38
2021-05-29,21.11,27.27,16.97,80.9,9.25,0.63,14.73
2021-05-30,21.31,28.26,16.12,75.38,2.21,0.6,16.94
2021-05-31,22.01,29.48,16.41,76.7,0.35,0.64,16.06
2021-06-01,21.93,29.06,16.68,75.26,0.19,0.72,20.46
2021-06-02,22.11,29.85,16.51,73.42,0.16,0.68,21.32
2021-06-03,22.91,30.93,17.37,73.33,0.13,0.68,19.07
2021-06-04,23.1,30.7,18.43,72.62,0.14,0.74,17.39
2021-06-05,22.62,29.86,17.23,72.67,0.37,0.8,18.18
2021-06-06,21.98,29.27,17.2,72.78,0.26,0.84,18.12
2021-06-07,21.45,28.83,15.83,70.23,0.1,0.84,18.25
2021-06-08,21.87,30.03,16.27,67.17,0.06,0.9,13.04
2021-06-09,21.7,27.63,16.35,71.89,2.24,0.79,13.05
2021-06-10,22.32,29.75,17.06,71.84,0.06,0.84,16.73
2021-06-11,22.03,29.74,16.38,69.04,0.03,0.86,19.73
2021-06-12,21.36,27.65,17.13,70.13,0.05,0.86,12.49
2021-06-13,21.71,30.27,15.84,69.37,0.01,0.78,14.56
2021-06-14,21.78,29.35,15.42,69.17,0.02,0.7,18.31
2021-06-15,20.73,26.57,15.63,72.46,0.28,0.63,11.4
2021-06-16,20.67,26.73,16.52,75.38,0.34,0.64,15.5
2021-06-17,21.39,28.43,16.34,67.51,0.06,0.73,14.19
2021-06-18,21.81,28.64,17.66,72.6,0.91,0.92,16.92
2021-06-19,21.56,28.06,17.46,71.42,0.2,1.01,13.0
2021-06-20,20.88,27.72,16.71,68.66,0.38,0.96,14.72
2021-06-21,20.55,28.1,14.7,70.81,1.69,0.91,18.89
2021-06-22,20.52,26.78,16.58,79.37,2.18,0.94,15.8
2021-06-23,21.18,28.85,15.66,71.98,0.31,0.92,16.98
2021-06-24,21.53,29.72,16.24,67.68,0.12,0.9,20.16
2021-06-25,20.93,28.7,15.39,72.85,0.45,0.81,11.86
2021-06-26,21.0,27.72,16.41,73.81,0.67,0.83,13.78
2021-06-27,20.67,27.09,16.07,70.69,0.18,0.93,9.18
2021-06-28,21.22,29.38,14.71,67.32,0.13,1.02,18.31
2021-06-29,21.78,29.29,16.41,70.05,0.36,1.17,12.8
2021-06-30,22.13,30.46,16.0,67.35,0.06,1.03,17.17
2021-07-01,22.09,28.98,16.68,69.06,0.14,1.02,17.7
2021-07-02,21.68,29.2,16.95,67.41,0.1,1.04,16.15
2021-07-03,20.83,28.86,15.33,64.39,0.01,0.95,21.85
2021-07-04,20.74,29.11,14.24,64.76,0.08,0.98,17.16
2021-07-05,20.41,26.36,15.6,72.51,0.78,0.99,10.7
2021-07-06,20.25,26.57,15.83,71.98,1.75,1.07,10.78
2021-07-07,21.05,29.14,14.45,67.72,0.32,1.22,15.17
2021-07-08,20.95,27.79,16.65,71.54,1.63,1.29,12.6
2021-07-09,19.64,25.78,15.43,74.77,2.36,1.03,11.77
2021-07-10,19.7,26.31,15.46,71.92,1.38,1.09,12.27
2021-07-11,20.74,28.7,14.95,69.35,0.74,1.11,17.54
2021-07-12,21.71,29.06,16.79,67.15,0.18,1.16,16.15
2021-07-13,22.18,29.62,16.11,66.25,0.11,1.15,17.18
2021-07-14,22.53,30.22,17.01,68.55,0.62,1.33,15.41
2021-07-15,21.92,29.0,17.09,69.4,0.53,1.41,12.22
2021-07-16,22.02,29.93,15.86,63.87,0.1,1.53,20.63
2021-07-17,21.59,28.92,16.85,63.46,0.21,1.52,13.45
2021-07-18,21.54,29.24,16.05,64.21,0.18,1.42,17.34
2021-07-19,21.82,29.29,16.59,63.96,0.11,1.34,19.6
2021-07-20,22.06,29.17,16.3,65.69,0.22,1.44,19.1
2021-07-21,22.6,30.5,17.03,65.21,0.25,1.58,20.67
2021-07-22,22.47,30.07,16.54,70.16,0.65,1.41,19.07
2021-07-23,22.43,29.69,16.94,63.92,0.5,1.52,17.91
2021-07-24,21.79,29.57,16.31,59.57,0.09,1.98,22.41
2021-07-25,21.1,28.41,16.22,61.21,0.27,1.81,19.46
2021-07-26,20.59,29.11,13.91,54.53,0.01,1.77,22.16
2021-07-27,20.82,28.49,14.41,61.92,0.04,1.49,19.69
2021-07-28,21.14,28.57,15.64,63.11,0.19,1.45,14.45
2021-07-29,21.18,28.62,16.02,67.84,0.44,1.51,16.88
2021-07-30,21.61,29.25,16.42,63.23,0.29,1.78,17.7
2021-07-31,21.24,28.33,15.1,62.26,0.31,1.9,15.42
2021-08-01,22.33,29.59,17.18,61.57,0.39,1.87,16.24
2021-08-02,22.12,29.65,16.39,62.58,0.17,1.6,20.08
2021-08-03,22.27,30.38,16.47,62.32,0.08,1.59,22.36
2021-08-04,21.79,28.65,16.73,65.02,0.1,1.65,15.6
2021-08-05,22.34,30.9,15.93,59.04,0.02,1.53,19.61
2021-08-06,22.37,30.83,16.36,61.73,0.06,1.51,12.55
2021-08-07,22.65,30.38,16.9,63.5,0.08,1.71,15.85
2021-08-08,22.38,29.12,16.93,64.38,0.08,1.53,17.18
2021-08-09,21.72,27.68,16.99,65.5,0.09,1.25,20.51
2021-08-10,22.02,28.07,17.61,68.16,0.1,1.39,18.27
2021-08-11,22.07,28.87,17.28,67.36,1.26,1.76,9.62
2021-08-12,21.97,28.91,16.8,62.7,0.09,1.63,15.05
2021-08-13,21.61,27.32,15.46,60.95,0.02,1.5,18.15
2021-08-14,22.18,28.46,17.79,64.35,0.82,1.99,16.86
2021-08-15,22.25,30.51,15.63,60.93,0.11,2.06,16.03
2021-08-16,21.96,29.15,17.05,67.22,0.35,1.98,14.87
2021-08-17,22.92,31.19,16.83,65.59,0.25,2.05,14.7
2021-08-18,23.03,31.08,17.04,65.72,0.39,1.84,14.47
2021-08-19,23.8,32.52,17.21,57.25,0.08,1.88,23.51
2021-08-20,23.83,32.16,16.92,60.61,0.16,1.83,18.99
2021-08-21,24.15,32.84,16.92,65.43,0.65,2.02,20.67
2021-08-22,24.21,32.91,17.03,60.78,0.25,2.04,22.28
2021-08-23,23.42,31.45,17.75,61.1,0.48,2.22,24.13
2021-08-24,22.98,31.34,15.87,59.64,0.11,1.98,24.18
2021-08-25,22.69,31.48,16.71,60.35,0.1,2.03,24.24
2021-08-26,21.89,31.25,15.3,53.94,0.02,1.97,26.22
2021-08-27,22.63,32.59,15.28,53.46,0.01,1.65,26.37
2021-08-28,23.02,33.01,14.85,54.43,0.01,1.6,25.64
2021-08-29,24.39,33.92,16.78,57.99,0.08,1.57,24.64
2021-08-30,24.22,31.78,17.78,57.33,0.04,1.87,23.6
2021-08-31,23.15,29.48,18.42,63.63,0.24,2.04,21.44
2021-09-01,24.06,32.26,17.52,60.1,0.05,2.02,21.01
2021-09-02,23.79,31.93,18.33,62.87,0.35,2.22,17.44
2021-09-03,22.9,30.84,17.01,61.96,0.22,2.24,19.23
2021-09-04,22.97,30.85,16.86,58.14,0.1,1.98,19.59
2021-09-05,22.98,30.99,17.05,62.58,0.27,2.07,18.86
2021-09-06,22.99,30.85,17.11,64.32,0.31,2.05,15.8
2021-09-07,22.99,30.39,16.54,63.07,0.28,1.87,16.23
2021-09-08,23.33,31.88,15.99,62.55,0.12,2.14,21.0
2021-09-09,23.46,31.22,17.93,64.12,0.25,2.27,15.85
2021-09-10,23.19,30.84,17.51,62.45,0.13,2.27,19.96
2021-09-11,22.83,30.8,16.94,58.4,0.04,2.25,20.63
2021-09-12,23.0,31.71,16.06,64.42,0.13,2.06,21.7
2021-09-13,23.61,32.71,16.86,60.64,0.24,2.05,22.16
2021-09-14,23.88,32.47,17.23,59.3,0.13,2.02,20.97
2021-09-15,24.53,33.36,17.77,57.0,0.09,1.96,24.0
2021-09-16,24.98,34.14,18.14,60.69,0.22,1.78,19.61
2021-09-17,25.22,34.31,18.31,57.04,0.1,1.82,25.27
2021-09-18,24.69,33.51,18.55,59.92,0.23,1.93,24.63
2021-09-19,24.43,33.78,17.51,53.34,0.04,1.99,26.44
2021-09-20,24.14,32.98,17.76,61.82,0.12,1.95,19.47
2021-09-21,24.2,32.82,17.82,60.26,0.17,2.02,19.55
2021-09-22,24.08,33.36,16.1,59.36,0.07,1.86,23.37
2021-09-23,23.94,31.31,18.07,61.19,0.1,1.85,17.67
2021-09-24,22.72,28.08,17.88,62.87,0.05,1.8,19.72
2021-09-25,23.55,31.64,16.78,60.65,0.02,1.83,19.5
2021-09-26,24.0,32.16,17.84,58.65,0.03,1.68,21.95
2021-09-27,23.97,33.48,16.04,54.75,0.0,1.45,27.13
2021-09-28,24.3,33.44,15.74,56.47,0.02,1.43,26.46
2021-09-29,25.09,34.26,17.2,60.76,0.09,1.7,22.9
2021-09-30,25.44,33.97,19.14,63.35,0.23,1.63,16.94
2021-10-01,24.97,33.36,18.27,59.84,0.14,1.66,22.95
2021-10-02,24.98,34.31,18.73,54.18,0.08,1.53,26.19
2021-10-03,25.3,34.94,17.82,54.88,0.13,1.36,22.97
2021-10-04,25.65,35.64,18.46,54.52,0.17,1.33,20.97
2021-10-05,25.18,34.55,18.58,52.61,0.07,1.46,25.06
2021-10-06,25.09,34.39,17.92,55.98,0.09,1.38,27.15
2021-10-07,25.75,35.38,18.35,54.86,0.09,1.46,26.39
2021-10-08,26.0,35.13,19.56,56.79,0.08,1.41,22.11
2021-10-09,25.41,33.03,19.06,60.86,0.02,1.37,17.23
2021-10-10,25.77,34.14,19.32,59.09,0.01,1.42,13.51
2021-10-11,25.49,34.05,19.52,57.36,0.01,1.61,17.44
2021-10-12,25.18,34.33,18.08,54.46,0.01,1.55,23.1
2021-10-13,24.93,32.91,19.25,60.95,0.26,1.37,16.29
2021-10-14,25.41,34.56,17.24,53.84,0.01,1.27,25.55
2021-10-15,26.08,34.64,19.5,58.75,0.16,1.28,25.05
2021-10-16,25.76,34.44,19.18,55.22,0.04,1.19,24.31
2021-10-17,25.69,34.74,18.78,54.94,0.02,1.13,26.05
2021-10-18,25.35,33.01,18.88,58.61,0.34,1.07,21.15
2021-10-19,25.25,33.82,18.91,62.86,1.52,1.25,17.63
2021-10-20,24.41,32.56,18.74,66.31,4.83,1.25,18.44
2021-10-21,24.4,32.46,18.18,59.44,0.24,1.06,22.27
2021-10-22,24.55,33.87,16.52,54.34,0.07,0.89,25.85
2021-10-23,25.2,34.76,17.16,52.03,0.09,0.73,26.5
2021-10-24,25.49,34.35,17.65,56.23,0.35,0.8,26.21
2021-10-25,26.05,34.43,19.33,59.87,0.76,0.89,22.73
2021-10-26,25.27,33.22,19.29,64.22,3.87,0.97,22.15
2021-10-27,24.63,32.94,18.74,62.33,2.09,0.85,18.86
2021-10-28,25.17,34.26,17.69,57.46,0.14,0.8,26.22
2021-10-29,25.72,34.2,18.43,58.28,0.02,0.78,24.24
2021-10-30,26.08,33.86,19.79,60.51,0.14,0.76,22.52
2021-10-31,26.01,33.21,20.1,61.37,0.18,0.81,24.41
2021-11-01,25.92,32.92,20.31,63.79,0.37,0.83,19.69
2021-11-02,26.38,34.0,20.15,61.6,0.11,0.76,19.22
2021-11-03,26.01,32.93,20.41,63.51,0.08,0.78,20.11
2021-11-04,26.23,33.89,19.87,60.02,0.04,0.77,22.84
2021-11-05,26.65,34.84,20.06,56.57,0.05,0.74,20.26
2021-11-06,26.55,34.91,19.52,54.27,0.01,0.75,25.44
2021-11-07,26.27,35.81,19.05,52.74,0.11,0.63,27.55
2021-11-08,25.31,34.96,17.1,50.4,0.05,0.61,26.4
2021-11-09,26.05,35.89,17.68,53.27,0.25,0.63,26.64
2021-11-10,26.23,34.52,19.41,59.5,0.99,0.65,21.04
2021-11-11,26.74,35.52,19.25,52.75,0.11,0.6,20.62
2021-11-12,26.57,35.18,19.16,52.8,0.07,0.6,24.38
2021-11-13,26.27,34.36,19.42,59.0,0.32,0.63,19.0
2021-11-14,25.51,32.99,20.15,67.08,2.96,0.67,19.47
2021-11-15,25.4,32.6,19.88,65.7,1.94,0.67,21.04
2021-11-16,25.37,34.3,18.84,57.8,0.37,0.54,24.26
2021-11-17,25.58,34.2,18.73,58.74,0.43,0.53,23.09
2021-11-18,26.2,34.59,19.21,59.86,0.67,0.53,23.0
2021-11-19,26.6,34.64,20.01,61.83,1.12,0.46,23.29
2021-11-20,25.68,33.34,20.19,69.02,3.69,0.45,20.62
2021-11-21,25.38,33.98,19.45,62.56,2.02,0.48,22.44
2021-11-22,25.76,33.78,19.18,62.43,0.44,0.44,23.63
2021-11-23,26.11,33.62,20.44,65.28,0.8,0.45,24.43
2021-11-24,27.51,35.83,21.2,56.36,0.26,0.32,24.96
2021-11-25,25.91,31.68,21.17,67.39,1.24,0.37,22.37
2021-11-26,25.53,31.49,20.86,68.64,1.87,0.48,21.49
2021-11-27,25.61,33.23,20.19,68.6,4.26,0.45,23.45
2021-11-28,23.82,29.45,19.75,71.19,2.01,0.36,22.35
2021-11-29,24.77,32.59,19.09,71.29,1.61,0.4,20.6
2021-11-30,24.44,31.66,19.89,74.06,6.11,0.42,13.82
2021-12-01,23.94,30.21,19.95,77.26,12.31,0.42,19.74
2021-12-02,23.81,30.78,19.41,75.69,4.66,0.43,16.22
2021-12-03,24.78,32.7,19.09,67.63,1.42,0.42,21.22
2021-12-04,24.13,31.31,19.35,74.39,4.28,0.42,19.38
2021-12-05,24.25,31.52,19.45,72.56,3.04,0.39,19.99
2021-12-06,24.29,31.27,19.31,72.67,2.37,0.36,19.67
2021-12-07,24.68,31.97,19.3,69.38,0.91,0.34,21.77
2021-12-08,24.73,32.03,19.33,67.86,1.35,0.34,20.11
2021-12-09,24.31,31.82,19.83,74.22,3.07,0.34,19.61
2021-12-10,24.2,31.22,19.88,74.09,3.95,0.36,18.37
2021-12-11,23.87,30.73,19.83,74.44,7.45,0.39,19.5
2021-12-12,22.69,28.56,19.02,79.18,22.01,0.34,17.28
2021-12-13,23.3,29.25,19.78,80.77,16.79,0.32,15.81
2021-12-14,22.98,28.76,19.75,83.02,19.93,0.3,17.38
2021-12-15,22.28,27.22,19.33,86.05,25.87,0.28,16.63
2021-12-16,22.92,28.58,19.59,84.69,15.63,0.3,18.11
2021-12-17,23.51,29.95,19.71,78.58,3.69,0.3,18.96
2021-12-18,23.66,30.45,18.67,78.03,2.29,0.24,20.16
2021-12-19,22.96,27.2,19.91,84.26,5.17,0.22,20.88
2021-12-20,24.02,29.97,20.35,79.44,2.44,0.28,20.53
2021-12-21,22.61,27.28,19.52,84.19,27.4,0.28,19.1
2021-12-22,23.11,29.69,18.76,80.61,4.79,0.22,18.48
2021-12-23,22.76,28.46,19.28,81.85,8.23,0.22,20.79
2021-12-24,23.8,30.58,19.52,78.31,1.0,0.24,23.03
2021-12-25,22.9,28.64,19.59,83.54,4.95,0.27,21.42
2021-12-26,23.32,30.02,18.81,81.35,4.05,0.22,19.36
2021-12-27,24.35,30.98,19.9,75.7,0.3,0.27,20.92
2021-12-28,22.87,29.18,19.31,82.59,2.2,0.24,19.1
2021-12-29,23.66,31.08,19.41,75.6,0.66,0.22,22.53
2021-12-30,23.95,31.17,19.4,75.27,0.1,0.2,21.82
2021-12-31,23.1,30.23,18.5,75.51,0.34,0.24,19.38
2022-01-01,22.57,29.24,17.52,74.55,0.16,0.25,24.29
2022-01-02,23.12,30.18,18.21,74.2,0.1,0.21,24.8
2022-01-03,23.81,32.49,18.42,72.51,0.14,0.19,25.28
2022-01-04,23.75,33.23,17.05,67.46,0.01,0.3,26.66
2022-01-05,24.54,32.94,17.61,65.71,0.14,0.27,20.4
2022-01-06,23.72,30.14,20.24,79.14,0.33,0.17,21.33
2022-01-07,24.14,30.84,19.8,74.8,0.68,0.23,21.28
2022-01-08,25.06,32.84,19.75,70.41,0.14,0.22,19.76
2022-01-09,24.93,32.76,19.06,68.0,0.09,0.22,18.64
2022-01-10,25.05,33.22,19.01,66.18,0.04,0.26,22.9
2022-01-11,24.21,32.31,19.2,68.94,0.23,0.24,18.53
2022-01-12,23.79,32.52,16.97,62.58,0.04,0.31,21.39
2022-01-13,23.55,32.83,15.79,62.16,0.04,0.27,25.91
2022-01-14,25.13,34.16,18.05,62.44,0.01,0.26,26.3
2022-01-15,23.69,28.28,20.04,76.36,0.43,0.26,25.97
2022-01-16,26.34,34.77,19.94,62.46,0.67,0.21,24.65
2022-01-17,26.17,33.98,20.17,63.36,0.44,0.21,24.38
2022-01-18,25.14,31.76,20.29,73.24,2.86,0.16,22.05
2022-01-19,23.55,28.75,20.02,79.36,4.41,0.17,19.33
2022-01-20,25.11,33.86,18.16,65.33,0.24,0.23,23.23
2022-01-21,24.88,31.97,19.38,65.19,0.36,0.24,16.73
2022-01-22,24.81,31.82,19.8,66.9,0.62,0.26,20.75
2022-01-23,24.87,33.54,18.25,59.4,0.25,0.3,20.69
2022-01-24,24.49,32.64,18.08,60.48,0.08,0.26,22.89
2022-01-25,24.87,33.49,18.26,56.93,0.0,0.27,24.9
2022-01-26,24.58,33.32,18.52,62.43,0.34,0.24,23.98
2022-01-27,24.47,33.4,18.13,63.57,0.81,0.22,21.78
2022-01-28,25.42,35.14,17.4,58.13,0.49,0.26,26.36
2022-01-29,25.4,33.31,19.74,63.11,0.59,0.24,19.02
2022-01-30,25.17,32.92,19.83,67.63,2.71,0.23,17.96
2022-01-31,25.16,33.32,19.94,68.55,2.81,0.24,23.16
2022-02-01,24.83,31.2,19.99,69.57,1.24,0.18,23.83
2022-02-02,25.66,33.35,20.05,67.17,1.59,0.24,23.3
2022-02-03,25.31,32.34,20.32,69.54,1.02,0.3,15.45
2022-02-04,25.85,33.68,20.17,66.23,1.45,0.27,19.86
2022-02-05,25.87,33.73,20.12,66.36,2.99,0.23,22.39
2022-02-06,25.6,32.43,20.05,66.59,0.75,0.23,23.29
2022-02-07,24.35,30.46,20.23,69.79,0.76,0.25,20.06
2022-02-08,25.23,33.49,19.52,61.29,0.38,0.27,26.74
2022-02-09,24.55,33.76,17.14,55.04,0.02,0.34,25.31
2022-02-10,25.32,34.39,18.58,54.36,0.04,0.32,23.3
2022-02-11,25.96,34.03,19.58,60.69,0.14,0.27,25.08
2022-02-12,25.82,33.57,19.82,64.21,0.24,0.31,19.11
2022-02-13,25.92,34.48,20.35,63.5,0.12,0.2,25.36
2022-02-14,25.81,33.15,20.0,62.63,0.36,0.24,25.54
2022-02-15,25.8,34.26,19.71,62.63,0.53,0.26,23.38
2022-02-16,26.24,34.62,19.76,57.96,0.23,0.32,26.9
2022-02-17,27.06,36.05,20.03,58.7,0.14,0.22,25.85
2022-02-18,25.08,30.02,20.33,68.81,1.57,0.22,23.02
2022-02-19,26.31,34.33,20.54,65.22,1.11,0.24,24.03
2022-02-20,26.15,33.47,21.13,64.53,0.16,0.31,22.89
2022-02-21,26.53,34.2,21.16,62.16,0.41,0.26,24.3
2022-02-22,25.71,32.57,20.18,68.56,4.16,0.24,16.14
2022-02-23,25.27,30.84,20.93,70.75,0.64,0.23,17.27
2022-02-24,23.57,30.98,19.74,79.13,7.78,0.34,17.64
2022-02-25,23.86,30.59,19.75,73.46,0.69,0.32,14.29
2022-02-26,25.67,35.38,19.09,63.0,0.06,0.29,25.4
2022-02-27,26.21,35.27,19.53,61.58,0.04,0.34,26.34
2022-02-28,26.17,35.17,19.43,59.41,0.04,0.35,26.48
2022-03-01,23.96,30.12,19.57,68.65,0.09,0.32,25.47
2022-03-02,25.02,33.54,18.63,62.61,0.08,0.41,26.64
2022-03-03,25.62,35.12,16.81,51.14,0.01,0.45,27.4
2022-03-04,26.78,35.45,20.12,56.39,0.11,0.37,23.83
2022-03-05,25.77,34.63,20.19,59.57,0.13,0.35,23.6
2022-03-06,26.17,34.6,19.72,60.59,0.17,0.39,19.83
2022-03-07,26.45,35.27,19.6,59.79,0.04,0.37,22.9
2022-03-08,26.79,35.11,20.31,59.81,0.05,0.4,23.79
2022-03-09,26.5,34.81,20.06,58.62,0.03,0.41,24.87
2022-03-10,26.63,35.18,20.21,58.69,0.04,0.43,21.83
2022-03-11,26.9,35.69,19.77,56.28,0.01,0.43,26.21
2022-03-12,26.58,35.74,19.97,56.35,0.1,0.41,27.19
2022-03-13,26.87,36.09,19.6,55.61,0.06,0.4,27.18
2022-03-14,27.12,36.25,20.01,54.26,0.12,0.42,26.57
2022-03-15,25.97,33.37,20.36,59.93,0.11,0.44,25.7
2022-03-16,27.38,36.27,19.76,54.51,0.22,0.47,21.4
2022-03-17,26.96,34.23,20.71,62.59,0.36,0.48,23.32
2022-03-18,26.69,35.13,20.48,60.45,0.29,0.46,20.9
2022-03-19,27.22,35.79,20.25,54.45,0.08,0.42,22.89
2022-03-20,27.19,36.13,19.41,49.28,0.02,0.54,26.82
2022-03-21,26.95,35.67,20.02,53.83,0.04,0.57,26.62
2022-03-22,26.67,35.58,19.9,55.71,0.96,0.54,26.82
2022-03-23,27.03,36.06,19.69,58.5,0.98,0.56,26.75
2022-03-24,26.84,35.64,19.95,62.46,1.25,0.57,24.05
2022-03-25,27.09,36.6,20.24,59.5,0.55,0.51,26.15
2022-03-26,27.42,36.28,20.09,56.29,0.33,0.53,23.06
2022-03-27,26.5,34.25,20.94,63.97,4.9,0.46,21.74
2022-03-28,26.22,33.74,20.42,65.21,1.4,0.48,24.25
2022-03-29,26.13,33.24,20.63,66.34,2.19,0.52,20.68
2022-03-30,25.73,33.55,20.42,68.34,5.33,0.54,18.83
2022-03-31,24.83,32.04,20.46,76.82,18.34,0.63,18.77
2022-04-01,24.87,31.83,19.94,73.0,3.32,0.62,18.85
2022-04-02,25.31,32.54,20.25,69.72,1.97,0.55,20.07
2022-04-03,25.64,33.45,20.02,67.37,0.35,0.5,21.06
2022-04-04,25.83,33.33,20.11,68.18,0.64,0.41,21.75
2022-04-05,26.32,34.44,20.69,65.61,0.51,0.49,23.48
2022-04-06,26.18,34.21,20.12,65.03,0.19,0.49,23.95
2022-04-07,26.07,34.08,20.21,63.58,0.0,0.51,23.89
2022-04-08,26.14,34.52,19.76,62.25,0.0,0.49,21.56
2022-04-09,26.3,34.6,20.23,61.7,0.0,0.58,21.61
2022-04-10,25.97,34.64,20.05,60.52,0.0,0.55,20.55
2022-04-11,26.09,35.07,18.8,59.1,0.12,0.62,24.1
2022-04-12,26.51,35.1,19.75,59.46,0.09,0.66,21.28
2022-04-13,26.46,35.55,18.73,57.89,0.13,0.62,21.43
2022-04-14,25.59,32.84,19.9,67.85,1.95,0.62,20.38
2022-04-15,25.48,34.02,19.28,61.69,0.7,0.67,20.98
2022-04-16,23.8,32.61,18.36,56.66,1.55,0.54,20.68
2022-04-17,25.46,34.59,18.08,58.66,1.01,0.63,19.88
2022-04-18,26.36,34.6,20.36,61.52,0.36,0.66,19.53
2022-04-19,26.42,34.19,20.3,61.88,0.65,0.62,21.25
2022-04-20,24.97,32.74,20.01,73.81,25.81,0.69,19.49
2022-04-21,24.28,31.1,20.2,74.0,7.12,0.58,17.33
2022-04-22,25.09,33.35,20.02,72.72,2.96,0.45,17.23
2022-04-23,23.91,30.41,20.03,79.93,7.29,0.53,17.71
2022-04-24,24.29,31.35,19.59,72.54,1.6,0.42,18.06
2022-04-25,24.4,30.87,20.13,76.59,0.39,0.42,19.51
2022-04-26,24.41,32.27,19.76,73.08,0.03,0.46,20.78
2022-04-27,24.41,33.01,18.89,67.02,0.76,0.46,20.71
2022-04-28,24.25,32.24,18.67,72.23,2.59,0.54,17.65
2022-04-29,24.57,32.09,18.29,69.16,0.27,0.61,19.34
2022-04-30,25.22,33.28,19.38,66.93,0.34,0.59,21.04
2022-05-01,25.16,33.12,19.3,67.45,0.7,0.64,20.7
2022-05-02,24.78,32.62,19.17,69.33,1.68,0.77,19.33
2022-05-03,23.03,28.3,19.53,71.55,1.39,0.72,17.78
2022-05-04,22.93,28.9,18.71,73.81,3.15,0.67,15.77
2022-05-05,23.42,30.46,18.83,73.98,4.98,0.68,15.22
2022-05-06,23.65,31.89,17.92,73.42,20.04,0.71,16.07
2022-05-07,23.25,29.82,18.76,78.52,8.36,0.59,16.65
2022-05-08,24.46,32.95,18.48,71.58,0.83,0.66,20.13
2022-05-09,24.7,32.88,19.62,70.71,0.33,0.65,22.37
2022-05-10,24.47,33.16,18.14,71.22,0.15,0.58,20.02
2022-05-11,24.32,32.71,18.69,68.95,0.1,0.62,20.69
2022-05-12,23.59,32.83,16.55,67.41,0.09,0.61,24.13
2022-05-13,24.23,32.34,18.77,71.91,0.53,0.64,15.74
2022-05-14,24.25,32.18,19.0,70.17,0.21,0.66,16.53
2022-05-15,23.84,32.15,17.07,69.41,0.14,0.7,20.97
2022-05-16,24.09,32.22,18.33,66.95,0.15,0.73,20.18
2022-05-17,23.64,30.83,18.42,69.96,0.45,0.71,16.49
2022-05-18,23.33,31.51,17.5,66.39,0.14,0.72,18.31
2022-05-19,23.35,31.72,17.05,66.52,0.07,0.64,20.04
2022-05-20,23.65,31.95,17.66,64.3,0.14,0.65,20.78
2022-05-21,24.09,32.0,18.27,68.87,0.13,0.7,18.97
2022-05-22,24.81,32.9,18.87,67.62,0.03,0.62,19.18
2022-05-23,24.56,32.68,18.43,63.53,0.02,0.61,19.78
2022-05-24,24.64,33.48,17.3,61.66,0.01,0.7,19.13
2022-05-25,24.88,33.69,18.16,64.92,0.01,0.65,20.46
2022-05-26,24.52,32.61,18.41,66.35,0.23,0.63,17.08
2022-05-27,24.68,32.28,18.93,65.12,0.17,0.73,15.88
2022-05-28,23.72,31.21,18.9,70.14,1.37,0.86,16.03
2022-05-29,23.07,31.02,17.79,65.59,0.2,0.74,15.79
2022-05-30,23.1,30.54,18.22,63.44,0.13,0.74,13.81
2022-05-31,23.01,31.51,16.34,64.62,0.18,0.72,15.24
2022-06-01,22.73,30.7,16.66,71.39,1.63,0.82,18.02
2022-06-02,22.41,29.42,17.71,68.56,0.48,0.96,14.45
2022-06-03,22.58,30.06,16.85,62.68,0.23,0.91,18.22
2022-06-04,22.31,31.32,16.32,56.35,0.05,0.86,23.51
2022-06-05,23.42,31.92,16.99,58.81,0.67,0.75,14.52
2022-06-06,21.9,27.92,18.15,69.89,2.38,0.92,12.36
2022-06-07,22.62,29.6,17.36,62.76,0.22,0.93,17.75
2022-06-08,23.12,30.78,17.29,64.06,0.21,0.86,18.66
2022-06-09,22.54,30.09,16.64,65.55,0.17,0.76,17.28
2022-06-10,22.69,30.87,16.08,65.4,0.09,0.76,17.45
2022-06-11,23.33,30.66,17.95,66.6,0.19,0.89,19.7
2022-06-12,22.95,30.1,18.1,67.54,0.39,0.93,16.48
2022-06-13,22.8,30.59,17.19,65.37,0.2,0.8,15.6
2022-06-14,22.92,31.05,16.43,64.97,0.11,0.73,16.16
2022-06-15,23.79,32.62,17.59,62.06,0.08,0.8,18.98
2022-06-16,23.49,32.44,15.9,62.18,0.05,0.81,21.84
2022-06-17,23.53,31.03,18.11,67.18,0.46,0.94,18.08
2022-06-18,23.07,30.67,17.68,66.01,0.47,1.02,18.04
2022-06-19,22.8,29.7,17.64,66.5,0.41,0.98,15.39
2022-06-20,22.88,31.06,17.31,60.14,0.04,0.94,18.54
2022-06-21,22.3,30.77,15.73,62.05,0.05,0.94,21.09
2022-06-22,22.8,31.48,15.25,62.05,0.07,1.0,17.24
2022-06-23,22.34,28.79,17.48,65.41,0.68,1.1,14.97
2022-06-24,21.33,26.63,17.21,64.79,0.21,0.98,15.27
2022-06-25,22.03,29.29,16.73,62.85,0.7,0.96,17.75
2022-06-26,21.34,27.24,15.99,63.04,0.23,1.04,12.85
2022-06-27,22.1,29.58,16.76,61.72,0.51,1.14,16.0
2022-06-28,21.52,29.43,16.01,60.24,0.29,1.12,19.84
2022-06-29,20.62,27.16,15.42,69.68,5.25,1.1,11.58
2022-06-30,21.3,29.56,15.55,66.86,0.18,1.13,21.45
2022-07-01,21.22,28.77,16.18,66.44,0.71,1.26,17.85
2022-07-02,20.84,29.83,14.46,66.56,0.26,1.2,23.16
2022-07-03,21.38,29.75,15.28,64.26,0.33,1.27,23.53
2022-07-04,20.96,29.02,14.23,67.42,0.35,1.15,18.38
2022-07-05,21.71,30.44,15.16,62.99,0.06,1.09,16.07
2022-07-06,21.28,26.74,16.93,67.36,0.11,1.12,18.68
2022-07-07,21.65,28.47,16.76,68.19,0.27,1.32,10.41
